Student_ID,Age,Math_Score,Science_Score,English_Score,Hours_Studied,Pass_Fail
10001,24,73,69,70,6.6,1
10002,17,72,62,70,5.2,1
10003,24,54,79,74,6.9,1
10004,22,95,58,65,8.9,1
10005,20,79,53,76,5.0,1
10006,24,62,71,67,5.0,1
10007,19,100,74,89,9.0,1
10008,20,88,64,68,7.2,1
10009,22,76,53,67,4.5,1
10010,23,85,77,77,6.7,1
10011,20,75,68,73,4.5,1
10012,20,64,71,72,4.5,1
10013,23,69,55,62,6.0,1
10014,22,41,36,52,1.3,1
10015,24,46,61,49,1.7,1
10016,17,60,62,65,4.3,1
10017,23,60,50,47,3.3,1
10018,23,87,66,56,6.2,1
10019,23,39,45,82,3.5,1
10020,23,69,47,74,2.4,1
10021,24,71,79,90,8.7,1
10022,25,65,67,70,5.0,1
10023,25,61,65,75,5.6,1
10024,18,74,51,64,2.4,1
10025,23,58,68,78,4.3,1
10026,23,74,65,64,5.7,1
10027,20,63,51,52,3.0,1
10028,25,60,61,71,6.3,1
10029,24,62,42,68,4.2,1
10030,17,78,69,63,4.9,1
10031,18,54,74,58,4.2,1
10032,18,94,73,95,9.6,1
10033,24,65,52,60,5.5,1
10034,17,70,50,73,3.2,1
10035,20,93,75,83,7.3,1
10036,21,37,49,75,2.8,1
10037,25,57,62,89,6.0,1
10038,23,46,47,56,1.2,1
10039,24,71,54,76,2.6,1
10040,25,75,70,74,5.9,1
10041,23,62,68,77,7.1,1
10042,21,77,63,71,5.9,1
10043,21,58,45,63,5.2,1
10044,22,74,72,72,4.8,1
10045,21,60,54,66,2.2,1
10046,25,52,74,49,3.9,1
10047,19,63,66,87,4.5,1
10048,19,90,73,91,7.8,1
10049,23,53,53,65,6.3,1
10050,23,55,33,59,1.6,1
10051,22,60,78,70,6.2,1
10052,19,65,67,68,4.7,1
10053,23,66,74,61,4.0,1
10054,21,94,80,77,6.8,1
10055,23,77,70,66,7.8,1
10056,18,91,50,95,7.5,1
10057,22,52,64,52,3.7,1
10058,24,60,52,70,4.8,1
10059,17,77,66,64,6.2,1
10060,20,79,78,74,7.6,1
10061,17,60,54,68,4.4,1
10062,17,63,55,67,5.1,1
10063,24,71,52,60,3.1,1
10064,23,54,34,55,2.9,1
10065,17,65,62,68,7.3,1
10066,18,72,67,85,8.5,1
10067,20,74,62,59,5.3,1
10068,17,100,64,70,7.7,1
10069,19,66,63,65,6.3,1
10070,24,84,55,60,4.1,1
10071,24,71,89,58,6.3,1
10072,24,80,86,67,8.9,1
10073,22,59,63,72,5.4,1
10074,22,80,83,85,8.9,1
10075,21,40,54,53,0.5,1
10076,25,67,75,87,7.3,1
10077,20,52,55,61,5.7,1
10078,23,83,61,50,4.8,1
10079,17,80,56,76,5.7,1
10080,25,52,44,36,1.1,1
10081,23,65,61,65,5.0,1
10082,25,71,79,73,6.3,1
10083,23,74,70,98,8.8,1
10084,18,52,52,59,4.4,1
10085,22,68,51,57,3.7,1
10086,20,61,55,70,4.4,1
10087,19,80,70,80,7.5,1
10088,18,54,71,67,6.2,1
10089,22,60,52,65,4.3,1
10090,24,61,71,65,6.6,1
10091,22,74,67,73,5.7,1
10092,25,87,79,61,7.6,1
10093,21,76,57,89,4.0,1
10094,18,59,71,72,4.8,1
10095,24,53,65,55,4.6,1
10096,25,50,55,54,2.3,1
10097,20,64,62,61,6.2,1
10098,22,75,70,63,6.1,1
10099,24,54,69,70,5.5,1
10100,25,48,57,79,5.0,1
10101,21,52,65,56,2.4,1
10102,22,72,88,48,4.6,1
10103,20,54,55,59,4.7,1
10104,21,69,53,56,3.7,1
10105,23,70,59,67,5.1,1
10106,25,87,56,70,6.4,1
10107,22,77,73,63,9.6,1
10108,22,54,75,61,5.9,1
10109,24,77,67,60,6.1,1
10110,20,70,83,75,5.3,1
10111,19,52,45,50,1.3,1
10112,23,57,69,49,5.4,1
10113,21,76,56,60,5.6,1
10114,18,84,85,98,10.9,1
10115,18,68,64,61,5.1,1
10116,22,66,47,64,6.2,1
10117,24,71,56,66,5.4,1
10118,17,45,61,60,2.9,1
10119,22,84,81,76,8.0,1
10120,18,82,59,83,7.2,1
10121,18,76,68,73,7.2,1
10122,23,76,33,67,3.5,1
10123,17,83,77,81,8.6,1
10124,22,64,65,45,2.4,1
10125,23,74,83,89,6.8,1
10126,24,97,97,95,10.3,1
10127,23,44,61,55,3.3,1
10128,22,63,72,62,4.3,1
10129,25,58,64,74,5.7,1
10130,19,65,55,65,4.4,1
10131,22,58,63,57,2.1,1
10132,20,77,69,73,5.7,1
10133,18,63,38,63,3.2,1
10134,17,69,81,75,6.5,1
10135,17,52,55,61,3.5,1
10136,19,59,72,86,8.9,1
10137,20,62,68,64,3.8,1
10138,18,77,71,67,4.8,1
10139,17,77,63,87,7.3,1
10140,20,56,53,62,2.8,1
10141,23,72,58,73,6.0,1
10142,22,76,68,70,8.4,1
10143,22,55,21,48,2.0,0
10144,25,66,56,80,5.9,1
10145,18,62,66,75,6.1,1
10146,20,74,43,82,7.2,1
10147,21,56,40,60,2.8,1
10148,17,75,59,61,2.6,1
10149,24,65,55,70,6.6,1
10150,24,69,66,70,6.2,1
10151,22,68,51,66,6.1,1
10152,21,67,72,83,6.3,1
10153,24,67,56,56,4.0,1
10154,19,93,58,72,6.0,1
10155,19,67,41,69,6.1,1
10156,18,67,50,71,3.9,1
10157,21,66,88,85,9.6,1
10158,19,68,85,76,6.5,1
10159,19,73,52,60,2.9,1
10160,22,73,70,64,6.9,1
10161,24,64,50,65,3.4,1
10162,18,69,84,73,7.2,1
10163,20,81,73,70,8.0,1
10164,23,77,67,49,3.7,1
10165,17,65,76,68,7.6,1
10166,17,94,70,78,6.4,1
10167,23,60,62,90,7.3,1
10168,23,81,100,84,9.7,1
10169,17,58,78,57,5.0,1
10170,17,58,81,65,3.8,1
10171,20,51,46,70,3.5,1
10172,21,51,60,79,3.7,1
10173,21,55,56,78,5.3,1
10174,20,78,73,73,6.3,1
10175,24,68,70,75,6.1,1
10176,23,71,68,68,7.3,1
10177,25,71,63,75,5.5,1
10178,23,67,99,88,8.7,1
10179,17,69,61,43,4.9,1
10180,23,92,67,91,11.5,1
10181,17,73,65,86,6.9,1
10182,23,65,46,55,3.6,1
10183,24,74,46,40,3.1,1
10184,25,76,76,72,6.6,1
10185,19,64,72,76,5.0,1
10186,20,63,63,77,7.1,1
10187,20,48,63,72,6.5,1
10188,25,69,57,59,5.3,1
10189,23,48,73,51,3.6,1
10190,19,29,61,58,2.2,0
10191,21,60,68,64,4.5,1
10192,23,78,62,82,7.4,1
10193,24,78,50,74,6.0,1
10194,17,67,67,51,2.8,1
10195,18,79,86,72,5.9,1
10196,23,80,51,71,6.3,1
10197,18,45,80,46,3.6,1
10198,23,68,65,65,5.8,1
10199,25,74,67,69,5.6,1
10200,18,58,42,58,3.0,1
10201,23,70,50,74,6.3,1
10202,20,73,47,73,6.7,1
10203,18,81,85,80,7.9,1
10204,23,77,73,78,7.8,1
10205,21,47,58,57,2.5,1
10206,17,42,68,62,3.4,1
10207,21,71,68,69,6.6,1
10208,19,73,86,68,6.6,1
10209,23,73,61,73,6.6,1
10210,22,100,87,73,12.0,1
10211,24,85,61,69,6.8,1
10212,21,78,83,70,8.0,1
10213,18,76,85,68,7.6,1
10214,25,80,66,70,6.9,1
10215,24,69,48,53,4.8,1
10216,22,71,84,71,7.2,1
10217,23,68,49,64,3.8,1
10218,25,65,59,75,5.0,1
10219,23,62,50,84,4.4,1
10220,19,73,69,52,5.7,1
10221,22,87,78,78,10.6,1
10222,23,52,56,50,1.4,1
10223,18,77,65,74,7.0,1
10224,19,62,56,58,2.0,1
10225,20,71,52,59,4.5,1
10226,22,81,87,54,7.9,1
10227,17,42,60,77,5.6,1
10228,25,60,56,64,3.1,1
10229,21,65,47,68,3.9,1
10230,23,80,71,71,7.0,1
10231,25,52,47,65,3.9,1
10232,25,49,67,52,6.0,1
10233,17,77,56,59,5.6,1
10234,17,50,58,74,4.1,1
10235,19,100,88,85,10.2,1
10236,22,68,57,90,6.9,1
10237,18,39,47,43,1.0,1
10238,17,73,71,92,5.9,1
10239,17,68,63,87,4.0,1
10240,21,82,92,69,7.4,1
10241,20,66,51,58,3.8,1
10242,17,60,64,78,5.2,1
10243,20,57,87,67,6.6,1
10244,19,72,59,72,7.4,1
10245,18,46,32,52,2.9,1
10246,25,69,68,59,4.8,1
10247,17,73,71,65,4.5,1
10248,23,64,38,60,4.1,1
10249,20,84,77,63,9.4,1
10250,21,69,58,84,6.4,1
10251,21,66,57,72,2.7,1
10252,17,58,73,80,7.5,1
10253,22,76,97,86,10.2,1
10254,25,96,61,68,7.8,1
10255,18,42,56,52,2.2,1
10256,23,69,67,74,4.4,1
10257,22,87,77,83,8.3,1
10258,21,42,39,66,3.9,1
10259,20,55,73,76,6.5,1
10260,20,88,64,83,7.2,1
10261,22,50,40,69,3.5,1
10262,20,58,68,74,5.4,1
10263,21,42,53,47,0.5,1
10264,22,49,50,75,3.2,1
10265,21,71,71,61,4.9,1
10266,23,45,63,50,2.8,1
10267,25,64,79,76,9.1,1
10268,23,67,59,46,2.4,1
10269,23,53,71,69,4.5,1
10270,20,62,71,69,5.8,1
10271,17,90,55,89,8.7,1
10272,24,55,27,34,2.3,0
10273,20,90,86,79,8.1,1
10274,17,77,58,65,5.5,1
10275,21,54,51,57,3.3,1
10276,24,83,88,62,6.5,1
10277,20,71,59,70,5.9,1
10278,24,57,58,56,4.2,1
10279,24,72,66,82,5.7,1
10280,19,52,60,71,4.7,1
10281,25,77,79,77,5.7,1
10282,19,81,67,58,7.0,1
10283,17,84,86,88,9.0,1
10284,18,38,55,65,2.8,1
10285,22,99,93,81,10.2,1
10286,18,54,34,51,1.2,1
10287,22,67,41,58,5.2,1
10288,17,72,70,70,6.8,1
10289,17,65,59,75,6.1,1
10290,21,59,74,57,4.1,1
10291,25,74,62,66,5.0,1
10292,24,58,63,87,4.4,1
10293,19,60,57,54,4.2,1
10294,19,75,66,78,7.4,1
10295,17,70,69,61,6.3,1
10296,19,56,69,49,4.0,1
10297,17,75,70,82,7.5,1
10298,24,74,64,67,6.2,1
10299,17,67,80,89,7.3,1
10300,21,72,54,78,6.9,1
10301,25,80,70,54,3.7,1
10302,23,62,52,56,4.3,1
10303,20,66,81,80,7.1,1
10304,25,63,73,63,6.8,1
10305,25,55,44,58,5.5,1
10306,18,86,66,53,5.8,1
10307,22,90,89,83,8.3,1
10308,20,50,57,56,4.2,1
10309,24,75,68,75,6.7,1
10310,23,79,56,55,5.1,1
10311,23,66,75,51,5.0,1
10312,25,73,70,83,7.9,1
10313,21,98,90,73,7.3,1
10314,22,57,84,68,7.3,1
10315,17,100,90,74,8.4,1
10316,22,69,66,63,5.5,1
10317,18,87,66,92,7.0,1
10318,22,53,67,68,4.8,1
10319,25,64,83,72,6.2,1
10320,24,56,82,60,5.2,1
10321,25,68,47,76,5.7,1
10322,24,77,97,62,6.8,1
10323,19,71,60,66,3.7,1
10324,24,70,91,89,10.1,1
10325,22,60,47,69,3.3,1
10326,22,66,45,40,2.8,1
10327,22,89,61,87,8.0,1
10328,19,71,89,77,7.2,1
10329,17,70,64,66,6.9,1
10330,20,73,70,53,6.9,1
10331,22,70,62,64,5.5,1
10332,18,73,47,62,3.5,1
10333,23,57,64,55,5.7,1
10334,23,54,60,55,4.0,1
10335,20,64,86,64,7.6,1
10336,20,71,53,63,5.2,1
10337,17,72,52,52,3.7,1
10338,18,51,68,85,4.8,1
10339,25,73,69,79,6.4,1
10340,24,73,61,54,4.3,1
10341,24,68,48,53,3.7,1
10342,25,78,75,56,6.0,1
10343,23,58,81,68,6.0,1
10344,25,71,74,80,4.4,1
10345,18,62,59,75,4.5,1
10346,22,81,41,71,6.0,1
10347,19,59,55,54,2.3,1
10348,22,47,54,62,2.4,1
10349,19,64,48,65,3.9,1
10350,24,74,55,70,5.0,1
10351,20,66,58,72,6.2,1
10352,22,83,81,83,8.7,1
10353,25,63,64,62,7.4,1
10354,18,72,65,65,5.1,1
10355,18,68,89,70,5.5,1
10356,23,68,54,56,3.3,1
10357,18,73,53,57,5.5,1
10358,18,62,48,66,4.9,1
10359,20,63,71,100,6.2,1
10360,25,50,78,54,3.7,1
10361,24,68,60,70,6.6,1
10362,18,91,57,91,8.9,1
10363,24,50,81,83,5.3,1
10364,20,62,94,66,6.4,1
10365,18,83,79,82,7.0,1
10366,23,78,66,72,4.6,1
10367,22,60,68,65,6.0,1
10368,21,58,72,73,5.5,1
10369,17,83,72,67,5.7,1
10370,18,60,61,56,3.8,1
10371,24,60,56,84,5.6,1
10372,17,83,72,78,6.6,1
10373,19,87,77,64,8.7,1
10374,18,84,65,74,7.6,1
10375,21,79,87,80,10.2,1
10376,20,65,53,60,3.8,1
10377,23,89,73,79,7.4,1
10378,21,76,71,72,5.9,1
10379,24,97,90,98,10.3,1
10380,20,75,53,72,3.7,1
10381,22,65,62,50,3.7,1
10382,20,57,67,62,4.2,1
10383,18,57,56,33,0.8,1
10384,17,52,63,55,4.3,1
10385,17,59,64,43,3.8,1
10386,24,75,62,55,5.8,1
10387,20,39,94,83,6.3,1
10388,21,88,81,89,9.6,1
10389,24,80,85,81,7.6,1
10390,23,51,55,74,4.2,1
10391,24,63,61,66,3.5,1
10392,24,75,73,71,6.6,1
10393,22,56,59,52,2.6,1
10394,18,97,73,97,9.5,1
10395,22,88,79,89,8.1,1
10396,17,70,56,62,4.5,1
10397,17,42,58,61,1.7,1
10398,19,81,68,53,8.5,1
10399,19,79,67,74,5.2,1
10400,21,77,76,73,8.2,1
10401,17,69,70,80,2.0,1
10402,22,69,71,73,4.2,1
10403,23,85,79,50,5.5,1
10404,19,58,58,62,5.6,1
10405,20,62,57,65,4.5,1
10406,19,73,71,72,6.9,1
10407,17,65,67,59,3.2,1
10408,24,59,68,76,5.2,1
10409,18,53,59,64,5.8,1
10410,17,77,62,71,6.6,1
10411,24,71,83,87,7.1,1
10412,23,53,59,73,3.0,1
10413,23,47,52,64,2.1,1
10414,20,81,76,75,8.3,1
10415,25,60,77,64,6.2,1
10416,22,59,48,62,3.9,1
10417,18,74,79,80,8.9,1
10418,17,63,67,69,5.8,1
10419,17,83,63,82,8.1,1
10420,25,75,63,71,5.6,1
10421,20,84,100,87,10.0,1
10422,21,94,72,78,9.4,1
10423,19,56,64,55,5.0,1
10424,20,62,53,82,7.6,1
10425,24,61,69,73,6.9,1
10426,20,70,66,82,8.5,1
10427,25,46,53,64,3.4,1
10428,25,95,75,55,7.0,1
10429,22,62,63,92,7.8,1
10430,18,61,52,49,1.6,1
10431,23,57,47,71,2.9,1
10432,25,51,34,55,1.0,1
10433,22,57,72,56,4.9,1
10434,19,78,62,67,7.1,1
10435,23,73,74,73,8.8,1
10436,21,78,60,63,5.7,1
10437,17,93,82,65,9.1,1
10438,19,54,53,50,2.5,1
10439,21,52,49,63,1.8,1
10440,23,72,58,77,5.4,1
10441,19,75,66,65,6.3,1
10442,22,78,68,51,5.4,1
10443,21,59,48,57,1.0,1
10444,17,67,75,57,5.3,1
10445,22,51,61,48,2.6,1
10446,24,83,82,71,7.0,1
10447,17,70,82,67,6.3,1
10448,18,60,58,53,3.4,1
10449,20,69,69,58,4.4,1
10450,18,68,59,55,3.2,1
10451,25,70,78,61,5.4,1
10452,24,71,56,70,7.6,1
10453,24,77,53,57,3.3,1
10454,20,88,74,75,6.6,1
10455,21,53,66,66,4.3,1
10456,20,52,58,57,3.8,1
10457,25,59,48,64,5.3,1
10458,18,67,54,72,3.2,1
10459,24,81,68,72,4.3,1
10460,18,52,51,63,2.9,1
10461,17,88,83,67,9.8,1
10462,19,61,85,69,5.6,1
10463,25,79,57,56,4.0,1
10464,19,78,65,61,6.0,1
10465,25,59,66,64,5.3,1
10466,23,45,65,75,5.0,1
10467,17,84,72,81,6.9,1
10468,21,70,76,68,7.2,1
10469,25,71,48,64,4.3,1
10470,19,66,59,59,4.2,1
10471,25,47,50,63,4.9,1
10472,21,39,46,59,0.5,1
10473,25,51,58,55,2.2,1
10474,22,74,76,63,8.5,1
10475,25,84,70,82,9.1,1
10476,23,70,59,82,5.0,1
10477,23,91,88,66,6.8,1
10478,24,76,82,84,6.2,1
10479,23,100,86,97,12.0,1
10480,25,74,70,87,8.0,1
10481,25,78,63,75,5.2,1
10482,22,55,69,62,3.4,1
10483,23,44,33,50,2.0,1
10484,18,60,61,71,5.9,1
10485,25,35,62,64,3.8,1
10486,17,64,56,65,2.4,1
10487,17,49,55,43,4.1,1
10488,19,72,53,46,3.1,1
10489,22,82,83,83,9.2,1
10490,21,61,68,78,7.4,1
10491,18,57,54,60,5.5,1
10492,25,84,76,83,8.8,1
10493,20,50,68,75,5.7,1
10494,20,66,36,59,3.6,1
10495,21,67,83,93,8.9,1
10496,24,66,80,87,6.7,1
10497,20,60,52,61,3.2,1
10498,21,71,60,74,5.1,1
10499,20,68,50,46,3.6,1
10500,22,42,51,67,2.5,1
10501,19,73,67,88,7.5,1
10502,24,97,96,74,9.7,1
10503,22,52,54,62,2.4,1
10504,21,76,48,55,6.7,1
10505,18,64,65,56,4.1,1
10506,23,76,78,59,4.4,1
10507,18,58,65,50,4.2,1
10508,17,46,69,59,3.6,1
10509,23,59,72,65,5.6,1
10510,21,62,68,67,3.7,1
10511,17,55,77,56,6.1,1
10512,20,62,74,73,5.4,1
10513,20,67,66,59,5.0,1
10514,23,52,40,49,3.5,1
10515,25,66,49,61,4.2,1
10516,18,82,61,81,7.2,1
10517,17,77,44,67,6.6,1
10518,18,43,52,65,3.3,1
10519,23,70,80,71,5.7,1
10520,22,77,57,100,7.2,1
10521,20,49,57,52,1.8,1
10522,17,76,75,71,6.7,1
10523,17,65,61,72,4.0,1
10524,21,73,82,72,6.8,1
10525,17,51,58,64,3.8,1
10526,23,51,64,38,1.5,1
10527,17,72,49,54,1.9,1
10528,17,65,69,62,5.6,1
10529,18,81,66,66,6.1,1
10530,19,60,48,63,3.5,1
10531,17,66,57,72,6.9,1
10532,25,50,56,61,1.8,1
10533,24,68,78,76,5.4,1
10534,21,63,57,56,2.8,1
10535,18,86,65,65,4.1,1
10536,21,69,50,50,5.6,1
10537,22,48,61,64,3.6,1
10538,17,48,41,74,4.7,1
10539,20,73,62,68,7.7,1
10540,25,51,73,70,4.2,1
10541,18,81,72,70,7.3,1
10542,21,63,56,54,3.0,1
10543,17,72,75,85,6.7,1
10544,20,88,86,79,8.7,1
10545,20,48,42,58,0.5,1
10546,22,79,61,44,3.7,1
10547,25,80,70,67,6.8,1
10548,19,75,48,73,5.1,1
10549,25,57,65,72,6.3,1
10550,22,51,64,61,4.2,1
10551,23,74,62,74,5.7,1
10552,18,51,60,59,5.2,1
10553,22,73,83,88,8.1,1
10554,22,82,69,68,6.1,1
10555,18,65,71,63,6.2,1
10556,18,52,45,58,4.6,1
10557,18,70,65,63,4.4,1
10558,17,85,50,60,4.5,1
10559,21,64,68,76,6.4,1
10560,24,77,51,64,4.6,1
10561,18,61,77,67,6.1,1
10562,21,86,100,88,10.1,1
10563,24,75,71,70,7.4,1
10564,21,57,61,70,4.8,1
10565,18,88,86,80,8.1,1
10566,19,49,67,67,4.6,1
10567,22,51,46,48,1.0,1
10568,21,70,60,54,3.3,1
10569,20,59,69,60,1.4,1
10570,20,70,55,70,4.7,1
10571,21,84,59,59,5.5,1
10572,18,81,88,77,9.2,1
10573,25,56,89,82,6.2,1
10574,18,67,65,75,5.0,1
10575,18,74,55,64,7.3,1
10576,25,26,49,50,0.6,0
10577,19,59,62,73,6.0,1
10578,23,63,77,83,7.2,1
10579,20,46,38,57,2.2,1
10580,22,75,60,81,8.0,1
10581,20,68,65,79,6.2,1
10582,23,57,78,74,4.6,1
10583,17,61,57,71,6.9,1
10584,19,93,82,86,10.5,1
10585,19,71,52,62,5.9,1
10586,17,72,70,67,6.0,1
10587,22,82,63,61,4.5,1
10588,25,62,43,59,3.6,1
10589,24,72,85,73,7.3,1
10590,23,59,38,68,3.6,1
10591,24,70,82,72,5.7,1
10592,22,70,74,52,4.4,1
10593,25,72,72,77,6.6,1
10594,19,52,77,65,6.2,1
10595,25,73,72,66,7.8,1
10596,20,63,45,54,4.4,1
10597,23,79,65,67,4.9,1
10598,25,51,40,69,3.3,1
10599,18,48,61,62,4.5,1
10600,18,72,56,79,6.3,1
10601,25,84,82,75,7.2,1
10602,19,56,61,41,3.5,1
10603,25,100,79,80,7.4,1
10604,21,100,80,74,8.5,1
10605,22,71,87,64,6.4,1
10606,18,87,92,88,9.6,1
10607,24,75,75,63,3.8,1
10608,25,56,45,57,2.8,1
10609,18,44,44,55,1.6,1
10610,22,91,54,72,8.8,1
10611,22,79,67,89,6.9,1
10612,24,60,64,69,5.4,1
10613,21,73,72,71,6.1,1
10614,25,56,50,58,3.0,1
10615,17,87,94,73,10.9,1
10616,25,62,73,63,5.8,1
10617,23,70,61,58,5.7,1
10618,20,72,62,62,7.1,1
10619,19,76,70,58,6.6,1
10620,22,78,68,64,6.0,1
10621,17,63,52,62,3.8,1
10622,19,75,66,59,6.5,1
10623,18,80,67,89,9.6,1
10624,25,92,84,81,8.5,1
10625,19,74,86,78,9.0,1
10626,18,47,61,83,4.4,1
10627,20,48,64,58,3.3,1
10628,18,77,65,74,5.2,1
10629,17,73,82,70,5.6,1
10630,22,91,62,89,7.9,1
10631,24,39,52,64,1.8,1
10632,18,100,88,77,8.9,1
10633,25,64,79,64,5.2,1
10634,19,47,69,52,4.6,1
10635,24,81,46,61,3.3,1
10636,24,40,34,61,1.9,1
10637,19,72,71,74,7.3,1
10638,19,67,69,81,5.7,1
10639,22,61,63,59,2.7,1
10640,17,48,43,69,2.7,1
10641,20,76,68,64,4.8,1
10642,17,91,53,71,9.2,1
10643,19,66,55,60,4.9,1
10644,25,67,60,56,2.2,1
10645,21,65,51,59,5.0,1
10646,21,63,52,51,4.9,1
10647,20,67,40,32,0.5,1
10648,19,71,66,77,5.4,1
10649,21,56,52,69,5.0,1
10650,20,66,71,76,7.0,1
10651,24,86,77,84,9.6,1
10652,20,55,87,72,8.0,1
10653,24,59,58,73,4.9,1
10654,22,57,56,44,3.1,1
10655,21,90,89,70,11.2,1
10656,20,56,61,66,5.6,1
10657,20,64,73,69,5.5,1
10658,20,79,74,59,5.4,1
10659,25,80,62,55,5.9,1
10660,20,68,67,72,5.2,1
10661,25,62,51,59,4.2,1
10662,22,61,66,70,4.3,1
10663,23,70,67,79,5.4,1
10664,19,64,57,49,4.3,1
10665,24,65,62,64,3.9,1
10666,19,74,72,71,5.7,1
10667,17,53,75,72,4.9,1
10668,21,79,82,75,8.8,1
10669,18,49,54,50,0.5,1
10670,22,69,94,83,7.9,1
10671,25,73,65,81,8.2,1
10672,17,47,58,65,0.9,1
10673,20,63,53,57,4.7,1
10674,17,67,55,67,4.7,1
10675,17,47,52,56,2.4,1
10676,24,71,52,60,3.8,1
10677,18,56,47,64,3.1,1
10678,17,86,80,83,9.4,1
10679,24,73,70,66,7.6,1
10680,20,82,70,86,8.3,1
10681,19,92,62,79,7.1,1
10682,20,54,69,72,3.0,1
10683,21,58,48,70,4.3,1
10684,17,64,68,70,6.6,1
10685,17,56,65,56,2.8,1
10686,19,74,79,83,7.1,1
10687,22,67,65,59,5.0,1
10688,17,69,56,57,4.7,1
10689,18,78,71,76,7.1,1
10690,23,72,58,58,6.5,1
10691,17,84,59,68,4.7,1
10692,23,86,72,81,8.1,1
10693,20,47,53,57,3.1,1
10694,22,59,63,86,6.9,1
10695,24,67,53,83,6.8,1
10696,25,67,75,58,4.8,1
10697,22,63,78,76,6.2,1
10698,25,50,63,67,2.7,1
10699,20,77,77,76,7.5,1
10700,22,63,65,62,5.1,1
10701,24,43,54,54,4.4,1
10702,25,89,68,71,7.8,1
10703,19,70,74,53,4.0,1
10704,18,42,69,65,2.4,1
10705,22,54,50,53,2.1,1
10706,20,62,70,77,6.8,1
10707,17,50,61,69,2.7,1
10708,24,89,82,84,9.4,1
10709,25,57,48,62,0.9,1
10710,25,92,79,78,9.2,1
10711,18,73,58,73,6.0,1
10712,25,80,60,69,5.3,1
10713,23,57,59,57,4.3,1
10714,21,68,43,68,6.4,1
10715,23,42,65,80,5.4,1
10716,25,77,98,73,7.9,1
10717,24,75,62,54,5.8,1
10718,22,72,67,66,5.8,1
10719,20,58,53,58,4.7,1
10720,17,76,54,72,5.4,1
10721,22,70,65,76,6.2,1
10722,19,60,56,57,1.7,1
10723,22,60,51,53,2.5,1
10724,22,89,68,74,7.1,1
10725,20,73,72,66,5.9,1
10726,18,73,65,53,5.1,1
10727,25,67,68,67,5.5,1
10728,18,66,80,94,6.3,1
10729,19,68,71,54,4.3,1
10730,17,76,73,45,3.8,1
10731,23,64,54,82,5.9,1
10732,17,56,65,64,3.3,1
10733,25,72,85,74,6.4,1
10734,17,59,34,51,1.8,1
10735,21,81,74,78,7.8,1
10736,23,81,64,72,6.5,1
10737,19,90,67,82,6.1,1
10738,25,71,85,84,7.7,1
10739,24,90,66,87,9.2,1
10740,19,81,76,70,7.7,1
10741,21,51,43,55,1.5,1
10742,23,62,66,52,2.7,1
10743,20,60,64,74,4.1,1
10744,21,72,64,62,5.6,1
10745,19,60,62,71,6.6,1
10746,25,56,85,52,3.9,1
10747,25,80,69,65,5.9,1
10748,23,71,44,57,3.8,1
10749,18,65,52,62,4.2,1
10750,23,51,57,49,2.4,1
10751,23,68,50,72,3.5,1
10752,21,68,47,55,2.5,1
10753,25,55,66,55,3.4,1
10754,19,63,83,83,7.8,1
10755,20,64,51,80,3.4,1
10756,17,100,100,85,11.3,1
10757,22,79,62,70,6.6,1
10758,20,85,84,63,5.9,1
10759,17,76,63,67,3.6,1
10760,18,71,74,82,7.0,1
10761,19,65,56,63,4.2,1
10762,25,64,60,65,5.8,1
10763,24,81,64,93,11.1,1
10764,23,58,61,74,5.3,1
10765,20,86,75,91,8.0,1
10766,17,65,41,57,4.0,1
10767,24,77,73,75,5.4,1
10768,20,100,79,83,9.4,1
10769,19,67,72,47,4.1,1
10770,25,77,74,96,9.5,1
10771,20,85,84,76,7.1,1
10772,20,55,56,69,4.3,1
10773,25,91,70,81,6.9,1
10774,18,57,76,81,7.6,1
10775,21,69,70,64,6.9,1
10776,20,60,54,61,2.0,1
10777,25,73,39,67,3.9,1
10778,21,59,62,51,5.0,1
10779,25,59,63,82,5.3,1
10780,25,75,51,69,6.9,1
10781,18,89,73,78,5.9,1
10782,25,41,44,54,2.6,1
10783,19,68,78,66,6.3,1
10784,20,76,71,72,6.8,1
10785,17,65,64,91,6.7,1
10786,17,70,85,95,7.9,1
10787,17,73,89,69,7.3,1
10788,25,75,69,83,6.5,1
10789,24,65,78,67,5.3,1
10790,21,67,48,73,1.8,1
10791,21,78,78,81,6.4,1
10792,25,74,63,72,6.0,1
10793,19,81,86,71,6.1,1
10794,19,60,65,63,2.7,1
10795,23,54,60,64,3.1,1
10796,25,75,49,66,7.8,1
10797,22,56,69,69,5.4,1
10798,18,94,59,67,7.0,1
10799,17,78,69,63,5.6,1
10800,18,43,78,78,5.6,1
10801,17,90,80,77,7.6,1
10802,25,49,69,60,4.4,1
10803,24,74,62,58,5.7,1
10804,23,42,46,57,4.5,1
10805,19,60,53,64,4.5,1
10806,24,79,59,80,4.8,1
10807,18,84,67,60,6.0,1
10808,18,67,73,66,4.4,1
10809,19,88,84,82,8.3,1
10810,23,46,79,72,3.5,1
10811,17,72,53,67,5.1,1
10812,24,72,73,68,4.5,1
10813,23,100,87,90,8.7,1
10814,20,64,65,62,5.9,1
10815,21,78,65,83,7.8,1
10816,17,55,46,43,2.2,1
10817,20,78,61,71,6.1,1
10818,17,85,90,73,7.5,1
10819,17,80,74,62,5.7,1
10820,17,88,83,85,7.8,1
10821,23,49,61,73,4.4,1
10822,23,55,75,89,8.6,1
10823,20,84,89,90,10.6,1
10824,18,64,63,54,4.7,1
10825,19,58,60,61,4.5,1
10826,24,77,81,88,8.7,1
10827,24,79,68,89,9.0,1
10828,22,69,63,74,4.3,1
10829,25,54,60,67,4.6,1
10830,25,65,55,64,4.9,1
10831,20,55,59,39,2.5,1
10832,17,65,75,68,3.5,1
10833,17,70,69,59,3.3,1
10834,21,78,55,50,3.8,1
10835,18,60,71,74,5.4,1
10836,22,50,75,82,6.0,1
10837,23,80,80,88,8.9,1
10838,17,43,56,66,3.3,1
10839,22,100,77,84,7.7,1
10840,24,57,88,41,5.0,1
10841,21,73,67,83,5.4,1
10842,23,84,58,66,7.0,1
10843,22,61,45,52,3.0,1
10844,20,92,66,66,6.3,1
10845,23,68,54,66,5.9,1
10846,25,64,68,85,6.6,1
10847,23,62,90,75,6.1,1
10848,21,98,81,81,10.9,1
10849,23,60,49,58,4.1,1
10850,19,54,58,86,4.3,1
10851,18,67,58,66,4.1,1
10852,21,70,50,60,4.3,1
10853,20,65,47,48,4.1,1
10854,21,88,89,62,8.1,1
10855,24,82,82,69,8.6,1
10856,20,57,55,64,4.2,1
10857,25,69,46,71,3.7,1
10858,23,63,64,77,6.5,1
10859,23,52,48,74,4.3,1
10860,24,86,65,78,6.9,1
10861,22,66,87,58,5.9,1
10862,24,71,54,60,2.2,1
10863,19,91,72,84,8.9,1
10864,17,81,88,81,9.5,1
10865,22,68,50,60,4.2,1
10866,17,90,57,63,4.6,1
10867,25,78,49,56,6.1,1
10868,18,77,81,58,6.2,1
10869,18,68,69,96,6.9,1
10870,23,100,74,72,9.9,1
10871,18,80,70,50,5.1,1
10872,24,55,47,55,3.7,1
10873,22,74,43,61,2.5,1
10874,23,63,55,67,3.9,1
10875,23,59,53,58,5.4,1
10876,22,78,74,83,9.4,1
10877,25,72,59,59,4.4,1
10878,25,62,66,71,6.0,1
10879,23,57,52,65,5.5,1
10880,25,75,73,71,8.1,1
10881,19,89,93,82,11.1,1
10882,19,56,68,44,4.3,1
10883,17,59,56,62,4.4,1
10884,21,87,72,75,7.8,1
10885,20,77,69,61,7.0,1
10886,18,80,67,80,9.6,1
10887,25,69,65,70,6.8,1
10888,19,63,70,48,4.7,1
10889,24,73,78,66,6.8,1
10890,22,77,79,69,7.9,1
10891,21,84,46,76,7.3,1
10892,17,75,62,83,6.6,1
10893,20,80,79,77,7.8,1
10894,19,93,93,88,8.1,1
10895,17,99,77,77,8.5,1
10896,21,62,72,76,6.9,1
10897,22,51,62,67,5.1,1
10898,18,66,53,91,5.8,1
10899,19,87,79,76,8.2,1
10900,22,64,43,68,3.7,1
10901,20,82,67,73,6.3,1
10902,25,60,62,75,4.6,1
10903,21,49,66,74,5.6,1
10904,20,66,63,81,8.3,1
10905,18,75,60,59,5.9,1
10906,22,79,72,59,5.6,1
10907,18,36,54,51,2.5,1
10908,23,89,64,71,7.1,1
10909,19,79,60,74,6.9,1
10910,25,88,92,80,10.3,1
10911,21,59,63,47,4.8,1
10912,24,86,56,79,6.0,1
10913,22,79,65,74,6.0,1
10914,24,88,71,81,9.0,1
10915,19,60,67,78,5.3,1
10916,19,87,80,63,6.1,1
10917,21,74,59,71,6.8,1
10918,19,73,68,71,5.9,1
10919,24,65,62,60,4.5,1
10920,24,62,45,62,5.9,1
10921,18,81,83,84,7.9,1
10922,20,65,77,62,3.2,1
10923,17,65,68,74,5.8,1
10924,20,64,73,55,4.0,1
10925,20,80,63,85,8.1,1
10926,25,63,44,50,2.1,1
10927,19,60,61,66,4.3,1
10928,18,74,60,88,6.3,1
10929,25,87,79,88,8.9,1
10930,25,64,75,70,5.4,1
10931,17,55,51,76,4.3,1
10932,22,79,92,77,9.6,1
10933,24,59,33,61,2.3,1
10934,19,46,40,43,0.7,1
10935,25,70,67,68,6.5,1
10936,18,70,51,78,4.4,1
10937,22,69,51,62,3.3,1
10938,17,87,85,86,7.1,1
10939,23,64,79,69,6.0,1
10940,19,72,67,74,4.3,1
10941,23,77,64,58,2.7,1
10942,20,77,66,76,7.4,1
10943,25,73,58,73,6.9,1
10944,21,64,56,70,5.3,1
10945,19,75,75,80,9.6,1
10946,24,66,49,47,3.1,1
10947,22,53,57,55,2.1,1
10948,18,60,62,64,4.0,1
10949,19,75,63,82,5.4,1
10950,24,78,66,49,6.0,1
10951,23,60,74,81,5.0,1
10952,22,66,55,80,6.3,1
10953,17,50,62,64,2.7,1
10954,25,100,57,81,8.7,1
10955,19,82,59,58,5.3,1
10956,21,86,90,94,8.0,1
10957,23,68,71,82,6.3,1
10958,23,70,64,74,6.5,1
10959,19,77,79,75,6.8,1
10960,20,94,75,70,6.5,1
10961,23,77,76,78,6.9,1
10962,24,85,75,78,8.4,1
10963,18,44,76,72,5.9,1
10964,25,77,65,78,7.1,1
10965,23,53,57,89,5.3,1
10966,24,77,97,71,8.7,1
10967,22,62,54,64,4.0,1
10968,22,82,61,93,9.5,1
10969,25,61,75,75,5.4,1
10970,20,49,66,63,2.4,1
10971,21,67,64,96,5.8,1
10972,25,59,38,72,4.0,1
10973,17,76,72,69,7.3,1
10974,20,62,80,56,4.1,1
10975,23,77,63,64,4.5,1
10976,25,30,56,49,1.3,1
10977,22,66,69,65,4.5,1
10978,24,48,55,53,0.5,1
10979,25,52,70,58,2.0,1
10980,20,68,83,52,7.2,1
10981,17,74,71,67,7.2,1
10982,24,56,57,77,6.4,1
10983,18,61,61,75,3.4,1
10984,17,72,63,64,5.4,1
10985,23,61,72,64,5.5,1
10986,25,77,46,58,3.0,1
10987,25,81,75,95,8.8,1
10988,19,77,73,75,7.4,1
10989,22,79,54,46,5.0,1
10990,23,90,66,84,5.6,1
10991,25,59,75,76,6.0,1
10992,18,43,66,40,1.0,1
10993,24,65,56,61,5.0,1
10994,23,54,68,55,4.0,1
10995,20,67,36,58,3.3,1
10996,18,57,63,79,4.9,1
10997,24,98,82,65,9.5,1
10998,21,80,79,70,6.9,1
10999,22,74,55,64,4.2,1
11000,23,65,73,72,6.8,1
11001,17,77,88,72,8.6,1
11002,24,85,62,86,7.5,1
11003,20,76,46,67,5.6,1
11004,25,59,70,60,4.1,1
11005,17,73,61,76,7.0,1
11006,18,68,73,69,6.4,1
11007,22,75,93,70,7.5,1
11008,17,64,79,65,6.9,1
11009,20,66,64,96,7.8,1
11010,24,73,46,71,4.3,1
11011,21,78,69,75,8.4,1
11012,25,81,68,81,5.9,1
11013,22,93,81,89,10.1,1
11014,17,65,73,63,4.0,1
11015,22,77,87,72,9.3,1
11016,22,58,59,62,5.9,1
11017,22,58,68,71,4.1,1
11018,24,79,76,71,4.4,1
11019,22,74,59,53,4.8,1
11020,21,66,73,67,6.4,1
11021,18,69,61,78,6.7,1
11022,20,53,58,73,4.2,1
11023,21,52,56,72,5.4,1
11024,20,89,96,81,10.2,1
11025,18,100,75,84,9.3,1
11026,23,90,73,70,6.5,1
11027,18,75,72,72,5.6,1
11028,17,63,97,82,5.8,1
11029,21,59,68,65,6.8,1
11030,17,69,48,62,3.2,1
11031,17,70,62,65,4.9,1
11032,17,49,42,52,1.8,1
11033,22,67,64,70,6.4,1
11034,25,80,78,85,6.9,1
11035,17,55,54,69,4.4,1
11036,21,85,85,76,9.0,1
11037,25,45,60,64,2.8,1
11038,25,77,55,51,2.3,1
11039,17,63,74,53,6.0,1
11040,24,84,71,55,7.8,1
11041,17,72,60,86,9.2,1
11042,24,62,62,62,4.5,1
11043,17,87,75,85,7.9,1
11044,21,79,61,71,5.4,1
11045,24,74,70,69,5.1,1
11046,22,75,80,71,7.4,1
11047,25,67,73,78,6.9,1
11048,17,43,52,69,2.0,1
11049,25,97,90,61,8.7,1
11050,17,82,66,77,8.5,1
11051,19,65,56,75,4.1,1
11052,17,84,79,61,6.4,1
11053,19,79,75,73,6.6,1
11054,18,69,65,64,6.1,1
11055,18,71,64,61,4.3,1
11056,25,56,54,46,4.0,1
11057,24,52,66,76,5.4,1
11058,17,93,82,79,8.1,1
11059,20,68,83,59,6.7,1
11060,17,62,68,69,4.7,1
11061,17,73,85,76,7.2,1
11062,20,41,31,44,0.5,0
11063,18,90,53,95,8.0,1
11064,19,56,28,59,1.7,0
11065,25,62,73,77,4.7,1
11066,18,45,61,57,3.0,1
11067,20,59,47,43,2.7,1
11068,17,55,72,56,8.1,1
11069,18,66,64,55,4.5,1
11070,21,85,61,83,6.3,1
11071,17,68,56,63,5.4,1
11072,23,84,62,81,6.5,1
11073,20,57,58,58,5.7,1
11074,22,77,54,52,2.7,1
11075,24,88,90,71,7.7,1
11076,22,68,51,66,4.4,1
11077,18,48,51,43,2.1,1
11078,17,57,66,57,4.6,1
11079,24,81,84,78,8.8,1
11080,24,88,68,63,7.4,1
11081,25,52,68,49,4.7,1
11082,22,65,66,65,4.7,1
11083,17,73,58,53,4.8,1
11084,25,97,70,95,10.1,1
11085,19,79,57,82,6.3,1
11086,22,58,76,66,6.4,1
11087,25,89,88,81,7.8,1
11088,19,71,67,70,6.0,1
11089,21,55,77,75,4.9,1
11090,21,66,63,62,5.1,1
11091,23,48,53,72,5.3,1
11092,20,73,63,70,5.4,1
11093,20,74,86,76,7.1,1
11094,23,56,59,63,5.6,1
11095,25,72,70,84,7.1,1
11096,20,60,76,63,5.3,1
11097,20,63,77,65,5.7,1
11098,22,27,50,45,1.1,0
11099,22,60,78,69,7.5,1
11100,23,69,79,69,6.3,1
11101,17,73,77,80,7.7,1
11102,19,57,58,57,0.5,1
11103,25,81,90,86,10.1,1
11104,22,62,62,79,5.2,1
11105,22,73,79,77,7.9,1
11106,21,56,52,43,3.2,1
11107,19,74,61,62,6.8,1
11108,21,54,44,66,3.2,1
11109,17,68,57,60,4.1,1
11110,19,100,85,79,9.7,1
11111,20,58,81,58,5.1,1
11112,21,74,71,66,6.0,1
11113,25,76,75,71,7.4,1
11114,20,83,68,76,6.6,1
11115,19,71,63,67,5.8,1
11116,17,64,70,82,6.3,1
11117,22,79,83,81,10.8,1
11118,23,74,61,69,5.4,1
11119,24,59,75,54,5.9,1
11120,17,90,65,82,7.8,1
11121,20,84,72,64,7.9,1
11122,21,80,69,82,8.1,1
11123,18,61,72,56,6.9,1
11124,17,64,64,49,3.0,1
11125,24,99,83,88,9.1,1
11126,22,53,53,73,3.0,1
11127,21,64,77,46,6.2,1
11128,25,60,67,52,3.8,1
11129,18,72,65,84,5.4,1
11130,24,66,84,72,6.2,1
11131,25,80,72,61,6.2,1
11132,17,91,73,84,6.4,1
11133,23,87,67,86,9.1,1
11134,24,69,52,72,6.5,1
11135,19,70,64,49,5.0,1
11136,20,89,83,94,7.6,1
11137,19,81,79,80,8.1,1
11138,23,62,64,55,2.8,1
11139,25,81,66,86,6.8,1
11140,19,66,72,65,7.0,1
11141,22,70,62,55,4.8,1
11142,24,67,59,70,8.5,1
11143,22,60,82,63,5.2,1
11144,18,81,78,69,5.8,1
11145,23,75,73,72,5.1,1
11146,18,65,78,57,5.5,1
11147,18,75,51,62,3.1,1
11148,18,42,60,51,2.3,1
11149,17,81,74,79,9.0,1
11150,17,63,59,72,3.6,1
11151,23,31,39,64,3.3,1
11152,21,47,45,56,0.8,1
11153,19,51,44,57,4.1,1
11154,17,45,41,75,2.6,1
11155,22,80,79,87,9.1,1
11156,17,59,67,72,7.7,1
11157,25,54,62,73,4.0,1
11158,18,71,100,91,10.5,1
11159,17,79,68,64,7.7,1
11160,23,66,60,67,4.8,1
11161,22,44,52,41,0.5,1
11162,22,99,78,67,10.5,1
11163,21,52,45,53,2.4,1
11164,20,53,46,65,1.9,1
11165,20,68,83,89,7.7,1
11166,19,68,69,83,10.9,1
11167,24,79,69,76,8.5,1
11168,23,70,85,85,6.7,1
11169,25,91,39,79,6.8,1
11170,17,83,71,79,7.4,1
11171,23,71,87,75,7.2,1
11172,20,72,86,76,6.1,1
11173,23,78,74,68,5.7,1
11174,17,73,76,81,5.4,1
11175,21,78,49,61,3.8,1
11176,19,58,54,64,4.9,1
11177,21,62,67,36,1.8,1
11178,20,63,62,77,5.3,1
11179,18,61,37,51,3.3,1
11180,20,52,60,38,3.1,1
11181,19,68,65,68,5.9,1
11182,17,83,78,76,8.6,1
11183,24,82,49,79,7.5,1
11184,21,54,25,61,2.0,0
11185,20,34,59,52,3.3,1
11186,21,76,70,100,7.6,1
11187,20,74,52,58,3.3,1
11188,19,65,67,51,5.0,1
11189,21,88,62,86,6.7,1
11190,20,58,54,67,3.4,1
11191,17,53,61,72,5.7,1
11192,19,52,62,53,2.6,1
11193,24,57,41,64,4.2,1
11194,23,69,61,51,6.2,1
11195,18,42,62,53,2.0,1
11196,17,72,61,94,6.5,1
11197,19,65,66,59,5.5,1
11198,21,86,86,74,6.7,1
11199,17,58,69,54,6.0,1
11200,19,83,98,74,8.5,1
11201,19,73,80,57,5.8,1
11202,21,72,55,68,4.6,1
11203,19,66,54,71,5.8,1
11204,25,75,64,60,6.7,1
11205,17,72,69,69,5.6,1
11206,20,52,69,69,5.6,1
11207,20,59,66,64,4.0,1
11208,17,61,50,70,4.0,1
11209,18,56,45,71,2.4,1
11210,17,85,86,76,9.3,1
11211,22,61,74,55,2.8,1
11212,19,81,48,61,4.0,1
11213,23,55,58,50,3.9,1
11214,21,80,69,66,7.5,1
11215,25,79,64,71,4.9,1
11216,23,61,64,95,8.2,1
11217,20,64,60,53,4.0,1
11218,21,54,80,91,6.1,1
11219,21,82,42,56,3.7,1
11220,21,93,94,96,10.2,1
11221,25,61,43,62,2.9,1
11222,19,52,70,72,6.2,1
11223,22,69,75,69,6.9,1
11224,24,67,72,71,6.4,1
11225,25,84,60,60,5.1,1
11226,23,74,70,75,5.2,1
11227,19,52,53,78,5.6,1
11228,17,72,73,61,5.2,1
11229,20,62,69,61,7.6,1
11230,22,72,88,82,10.4,1
11231,19,68,57,81,4.3,1
11232,17,63,68,59,2.5,1
11233,22,72,69,77,5.3,1
11234,17,100,94,80,11.2,1
11235,25,64,66,57,3.7,1
11236,17,85,77,78,9.1,1
11237,22,71,83,71,9.2,1
11238,17,72,62,65,4.3,1
11239,23,57,77,65,6.8,1
11240,19,100,75,89,9.1,1
11241,22,73,55,66,4.7,1
11242,23,94,75,80,5.1,1
11243,17,67,68,48,4.2,1
11244,17,68,48,55,3.3,1
11245,21,59,78,59,4.1,1
11246,22,56,48,62,2.8,1
11247,25,58,67,64,5.6,1
11248,17,46,70,77,3.8,1
11249,20,72,79,68,6.0,1
11250,24,53,44,47,2.1,1
11251,25,60,73,69,6.2,1
11252,19,67,69,71,7.3,1
11253,18,50,52,60,1.1,1
11254,20,61,67,67,6.3,1
11255,18,83,72,64,8.2,1
11256,17,46,45,60,2.8,1
11257,19,86,92,75,9.2,1
11258,23,60,61,61,6.4,1
11259,17,50,73,62,3.9,1
11260,18,44,62,66,5.4,1
11261,17,72,75,70,6.7,1
11262,24,83,81,71,5.7,1
11263,21,87,65,67,6.7,1
11264,24,63,62,62,3.5,1
11265,19,50,72,64,5.9,1
11266,23,64,46,64,2.4,1
11267,24,70,66,67,5.3,1
11268,22,56,64,76,3.5,1
11269,23,73,76,58,3.9,1
11270,18,86,72,81,8.2,1
11271,24,98,78,87,7.9,1
11272,21,60,69,77,6.8,1
11273,23,45,57,60,3.1,1
11274,17,54,56,68,4.8,1
11275,21,77,74,82,8.2,1
11276,17,85,81,72,5.8,1
11277,24,83,87,86,10.6,1
11278,20,66,69,78,6.4,1
11279,20,74,58,68,5.9,1
11280,18,74,73,56,4.8,1
11281,21,47,75,87,5.8,1
11282,17,77,65,75,5.2,1
11283,25,68,90,65,7.1,1
11284,21,76,68,73,7.6,1
11285,22,75,48,57,3.8,1
11286,18,54,52,53,2.6,1
11287,17,36,41,61,1.5,1
11288,20,58,72,69,6.6,1
11289,23,58,56,76,3.1,1
11290,22,45,58,35,0.8,1
11291,17,72,64,71,6.4,1
11292,17,87,90,76,11.0,1
11293,24,81,67,71,5.5,1
11294,20,76,81,78,7.3,1
11295,21,51,54,77,5.7,1
11296,23,75,55,56,5.3,1
11297,24,96,67,79,7.5,1
11298,23,67,52,58,4.9,1
11299,18,73,74,71,6.1,1
11300,20,63,74,66,6.2,1
11301,17,59,70,51,4.0,1
11302,25,82,72,82,7.7,1
11303,19,78,59,64,5.1,1
11304,19,65,49,69,3.8,1
11305,25,91,83,80,6.7,1
11306,19,61,55,72,3.5,1
11307,24,57,58,64,5.6,1
11308,18,57,73,59,5.5,1
11309,19,91,71,87,7.9,1
11310,18,82,58,72,6.5,1
11311,17,51,56,80,5.4,1
11312,18,74,73,64,7.3,1
11313,24,79,67,85,8.6,1
11314,25,66,69,73,6.7,1
11315,18,54,56,67,5.5,1
11316,23,48,44,54,2.6,1
11317,21,49,51,50,3.2,1
11318,19,51,64,71,4.8,1
11319,25,71,63,60,4.2,1
11320,22,69,73,68,5.1,1
11321,17,64,58,86,5.6,1
11322,21,52,84,67,6.7,1
11323,23,64,91,64,5.3,1
11324,20,78,65,70,6.6,1
11325,24,61,48,65,5.6,1
11326,21,39,30,49,1.2,0
11327,25,58,52,67,3.4,1
11328,25,70,57,79,5.2,1
11329,25,37,54,59,2.8,1
11330,17,87,75,79,6.8,1
11331,18,70,66,78,8.9,1
11332,19,75,74,76,8.2,1
11333,20,78,58,62,5.0,1
11334,25,83,99,73,8.8,1
11335,22,80,52,80,5.8,1
11336,17,81,55,61,4.8,1
11337,25,48,60,69,4.2,1
11338,22,74,55,58,4.8,1
11339,20,78,73,65,4.6,1
11340,20,66,56,69,5.9,1
11341,19,67,57,62,5.9,1
11342,23,49,77,65,5.5,1
11343,19,80,57,62,6.5,1
11344,18,54,84,77,8.1,1
11345,24,87,69,60,7.6,1
11346,20,40,46,55,2.2,1
11347,24,61,40,56,0.5,1
11348,17,81,62,75,7.6,1
11349,21,66,62,51,2.5,1
11350,25,58,64,60,5.0,1
11351,17,44,64,69,2.9,1
11352,20,34,61,55,1.5,1
11353,22,84,75,80,6.7,1
11354,24,82,57,82,7.2,1
11355,19,70,50,59,4.2,1
11356,21,50,54,41,0.5,1
11357,23,68,61,69,4.3,1
11358,17,69,75,63,6.4,1
11359,23,58,51,51,2.2,1
11360,24,61,62,70,5.9,1
11361,24,65,72,66,5.5,1
11362,25,100,53,52,6.8,1
11363,22,70,63,58,5.8,1
11364,22,40,57,69,3.4,1
11365,18,75,77,76,8.1,1
11366,19,56,51,73,5.2,1
11367,20,69,52,60,5.4,1
11368,20,50,53,50,3.4,1
11369,24,62,60,71,4.5,1
11370,17,53,73,73,3.6,1
11371,20,68,55,59,5.1,1
11372,20,78,75,91,9.3,1
11373,17,59,69,48,2.5,1
11374,19,73,62,40,2.0,1
11375,21,70,67,85,8.7,1
11376,22,73,70,57,5.0,1
11377,25,37,67,52,4.0,1
11378,25,75,76,65,7.8,1
11379,25,65,48,60,4.2,1
11380,17,77,75,67,9.5,1
11381,25,57,65,79,7.0,1
11382,24,63,66,68,4.4,1
11383,18,100,80,89,10.2,1
11384,17,61,57,74,4.2,1
11385,17,80,65,82,7.1,1
11386,22,82,52,62,6.2,1
11387,25,100,100,84,8.4,1
11388,23,72,83,90,8.9,1
11389,21,59,80,75,5.6,1
11390,18,58,47,70,3.8,1
11391,17,78,84,70,6.5,1
11392,18,39,55,57,4.0,1
11393,17,93,88,82,9.9,1
11394,19,71,76,63,5.8,1
11395,22,59,77,74,4.7,1
11396,24,74,66,71,5.9,1
11397,19,64,43,64,2.5,1
11398,25,70,56,47,3.4,1
11399,21,79,81,73,8.1,1
11400,23,65,54,54,4.1,1
11401,24,61,52,45,3.2,1
11402,19,85,54,75,6.7,1
11403,18,83,66,68,8.1,1
11404,18,81,76,70,7.1,1
11405,21,86,83,67,7.7,1
11406,17,81,69,58,3.8,1
11407,18,49,75,62,2.4,1
11408,25,98,93,71,8.8,1
11409,23,90,61,61,4.8,1
11410,22,60,53,70,4.9,1
11411,25,78,74,84,8.4,1
11412,23,69,64,69,6.7,1
11413,21,79,71,74,6.5,1
11414,25,70,93,92,10.3,1
11415,22,57,64,53,4.1,1
11416,22,74,89,69,7.5,1
11417,20,65,69,65,5.6,1
11418,17,67,55,74,6.1,1
11419,21,77,73,82,8.9,1
11420,25,80,73,72,6.6,1
11421,24,79,72,63,6.7,1
11422,24,95,88,84,7.9,1
11423,21,73,62,60,4.7,1
11424,25,50,56,59,3.7,1
11425,19,57,40,61,3.2,1
11426,19,47,40,70,1.2,1
11427,17,90,86,78,10.0,1
11428,25,69,57,53,3.1,1
11429,22,68,69,63,5.0,1
11430,18,67,67,76,4.9,1
11431,24,71,67,72,6.2,1
11432,25,84,62,78,7.3,1
11433,25,70,73,82,7.4,1
11434,18,48,59,73,4.2,1
11435,18,73,77,60,5.1,1
11436,23,74,81,75,6.1,1
11437,20,79,58,76,5.0,1
11438,17,59,73,82,9.0,1
11439,24,72,56,64,6.6,1
11440,18,76,70,64,7.1,1
11441,19,59,66,77,7.0,1
11442,21,78,100,67,8.1,1
11443,19,82,55,62,5.9,1
11444,23,77,54,53,2.6,1
11445,23,82,62,74,6.4,1
11446,18,59,60,68,4.1,1
11447,23,76,57,57,4.3,1
11448,22,83,78,61,6.8,1
11449,25,75,80,85,8.2,1
11450,25,62,73,74,5.5,1
11451,18,69,60,75,6.2,1
11452,23,73,91,84,9.2,1
11453,21,67,62,66,6.0,1
11454,22,97,74,87,11.2,1
11455,17,84,68,73,6.7,1
11456,23,48,51,46,1.6,1
11457,22,89,59,77,7.2,1
11458,20,78,77,72,6.3,1
11459,17,87,68,77,8.3,1
11460,25,65,62,81,7.0,1
11461,20,85,64,66,5.2,1
11462,18,62,63,64,2.8,1
11463,24,63,51,55,5.0,1
11464,18,55,67,69,3.6,1
11465,21,60,38,69,4.2,1
11466,22,63,74,92,6.8,1
11467,24,94,69,96,9.2,1
11468,17,63,61,79,6.4,1
11469,17,60,72,54,2.9,1
11470,20,68,59,63,6.5,1
11471,21,86,75,71,8.1,1
11472,25,71,49,68,4.2,1
11473,23,60,71,78,5.2,1
11474,23,68,69,57,5.5,1
11475,24,47,64,54,3.8,1
11476,21,91,82,73,6.9,1
11477,21,78,60,57,5.2,1
11478,17,58,79,67,6.4,1
11479,25,51,72,72,3.5,1
11480,22,63,64,71,4.5,1
11481,25,75,60,81,7.1,1
11482,19,58,50,56,4.7,1
11483,21,73,85,66,9.3,1
11484,18,68,50,61,4.6,1
11485,21,88,54,49,6.0,1
11486,24,77,82,79,7.6,1
11487,18,52,48,63,2.4,1
11488,24,48,74,47,1.6,1
11489,20,43,45,61,2.1,1
11490,17,73,71,83,8.3,1
11491,21,74,64,53,4.3,1
11492,17,71,89,84,11.1,1
11493,23,64,59,59,4.3,1
11494,24,70,66,78,5.9,1
11495,19,84,100,87,8.9,1
11496,19,94,99,89,9.9,1
11497,23,88,91,79,10.0,1
11498,20,75,64,90,8.2,1
11499,19,71,73,78,7.8,1
11500,24,87,77,77,6.8,1
11501,19,86,79,89,7.2,1
11502,23,92,73,69,4.3,1
11503,18,58,51,60,3.7,1
11504,17,62,65,63,5.5,1
11505,22,71,56,51,5.1,1
11506,24,68,74,50,4.5,1
11507,17,81,78,81,7.0,1
11508,25,85,68,58,7.6,1
11509,19,75,68,78,5.7,1
11510,19,93,79,87,8.8,1
11511,20,70,46,51,3.0,1
11512,17,79,73,68,5.1,1
11513,25,39,59,67,3.9,1
11514,19,53,43,54,1.4,1
11515,20,58,55,78,5.3,1
11516,17,77,72,54,5.2,1
11517,20,59,81,84,8.8,1
11518,17,89,64,67,6.9,1
11519,21,50,51,44,3.2,1
11520,21,74,81,72,9.6,1
11521,23,83,76,73,8.2,1
11522,24,70,72,73,6.8,1
11523,20,84,45,58,5.0,1
11524,23,73,58,56,3.4,1
11525,20,60,50,61,4.7,1
11526,19,89,89,69,7.9,1
11527,22,80,92,77,9.6,1
11528,20,77,90,85,8.9,1
11529,19,71,36,79,4.4,1
11530,25,72,52,61,3.0,1
11531,21,65,65,70,5.8,1
11532,23,48,55,53,1.6,1
11533,22,74,77,67,6.2,1
11534,21,58,77,72,5.2,1
11535,23,80,38,73,4.5,1
11536,22,44,43,45,2.0,1
11537,18,66,70,81,6.6,1
11538,19,81,68,78,4.3,1
11539,18,59,63,49,2.9,1
11540,19,67,50,58,0.5,1
11541,17,65,58,82,5.4,1
11542,24,100,76,88,9.4,1
11543,22,90,74,80,9.2,1
11544,18,56,51,71,4.5,1
11545,24,55,50,56,4.2,1
11546,22,58,58,69,6.5,1
11547,23,45,60,53,3.3,1
11548,17,64,69,58,6.2,1
11549,23,65,63,74,7.2,1
11550,19,54,59,80,8.2,1
11551,24,76,61,73,5.3,1
11552,22,74,78,26,5.1,0
11553,20,63,57,63,3.6,1
11554,24,49,66,62,3.7,1
11555,25,82,65,56,5.0,1
11556,18,70,68,67,6.3,1
11557,22,68,58,82,7.5,1
11558,21,63,54,62,3.7,1
11559,21,84,73,80,8.8,1
11560,19,41,77,74,4.9,1
11561,24,68,67,89,5.5,1
11562,24,63,71,60,3.9,1
11563,21,43,56,52,0.5,1
11564,24,63,64,67,7.4,1
11565,24,62,71,93,7.1,1
11566,19,71,79,61,4.9,1
11567,18,76,71,52,5.6,1
11568,25,68,74,77,6.6,1
11569,18,58,61,41,2.1,1
11570,25,58,65,75,4.3,1
11571,20,67,77,79,7.2,1
11572,18,58,57,48,2.7,1
11573,17,59,64,76,6.1,1
11574,20,74,42,54,2.5,1
11575,25,58,50,75,6.5,1
11576,25,71,61,56,5.4,1
11577,20,54,55,43,1.9,1
11578,25,80,78,80,8.1,1
11579,22,76,65,79,3.9,1
11580,17,34,57,56,3.7,1
11581,22,74,94,63,5.9,1
11582,25,76,95,74,8.0,1
11583,18,65,41,48,3.3,1
11584,22,69,72,73,5.6,1
11585,18,71,78,79,6.4,1
11586,20,62,50,78,7.0,1
11587,24,63,68,68,5.9,1
11588,23,96,67,56,4.7,1
11589,25,66,58,80,3.7,1
11590,23,79,70,61,5.7,1
11591,17,55,56,51,3.1,1
11592,18,39,52,34,0.5,1
11593,22,80,84,59,6.5,1
11594,23,57,81,78,7.5,1
11595,19,41,57,46,0.5,1
11596,25,55,46,52,3.3,1
11597,23,83,91,66,6.9,1
11598,22,91,86,79,10.0,1
11599,22,63,61,62,5.5,1
11600,17,65,63,75,3.9,1
11601,21,63,58,63,5.1,1
11602,19,91,78,80,8.5,1
11603,23,65,62,63,4.1,1
11604,19,78,51,62,3.7,1
11605,21,61,62,61,4.4,1
11606,23,72,50,56,3.4,1
11607,19,70,59,75,5.8,1
11608,18,76,69,83,9.1,1
11609,22,97,64,63,6.2,1
11610,24,79,57,40,4.9,1
11611,20,68,67,60,4.9,1
11612,25,61,62,43,2.1,1
11613,24,65,79,66,7.4,1
11614,23,57,74,55,5.3,1
11615,23,78,72,77,5.1,1
11616,19,95,82,100,12.0,1
11617,22,69,64,77,6.2,1
11618,21,58,76,59,3.8,1
11619,17,66,56,59,4.6,1
11620,19,76,94,63,8.0,1
11621,17,49,62,77,5.7,1
11622,20,69,32,64,2.3,1
11623,19,75,71,79,7.5,1
11624,20,80,67,52,4.0,1
11625,25,68,98,80,9.6,1
11626,19,61,60,75,7.9,1
11627,22,61,69,48,4.5,1
11628,22,90,85,91,8.3,1
11629,23,56,78,56,5.6,1
11630,25,63,46,68,7.4,1
11631,23,76,86,56,6.6,1
11632,17,57,62,59,3.6,1
11633,24,68,64,61,4.1,1
11634,21,75,85,85,7.8,1
11635,25,69,42,57,4.8,1
11636,21,78,72,55,4.6,1
11637,21,47,80,61,3.4,1
11638,18,84,55,52,6.4,1
11639,19,70,82,96,10.0,1
11640,25,65,56,48,3.2,1
11641,23,83,69,85,5.6,1
11642,17,76,82,72,8.6,1
11643,19,74,57,54,5.3,1
11644,18,67,69,77,6.5,1
11645,17,64,73,64,3.2,1
11646,25,49,73,76,6.4,1
11647,24,68,67,67,5.1,1
11648,21,81,67,96,7.7,1
11649,18,92,89,65,8.1,1
11650,17,100,86,100,11.2,1
11651,23,72,50,58,6.8,1
11652,18,74,72,85,6.2,1
11653,17,55,74,72,5.9,1
11654,18,81,59,79,4.7,1
11655,23,78,45,78,6.2,1
11656,23,47,51,46,4.9,1
11657,22,72,65,66,5.9,1
11658,21,84,73,67,8.4,1
11659,19,51,61,73,3.3,1
11660,19,80,81,84,8.0,1
11661,25,72,72,80,8.4,1
11662,20,53,50,63,5.2,1
11663,25,42,61,55,0.8,1
11664,20,64,65,54,4.2,1
11665,18,90,83,81,8.4,1
11666,20,68,68,66,5.4,1
11667,22,68,67,53,3.3,1
11668,22,70,57,70,4.4,1
11669,21,65,80,91,7.3,1
11670,17,80,76,59,6.7,1
11671,19,73,69,75,5.0,1
11672,21,82,50,58,4.7,1
11673,22,68,63,70,4.6,1
11674,17,47,61,55,3.5,1
11675,25,78,97,78,9.1,1
11676,19,47,63,63,4.8,1
11677,19,85,87,90,8.2,1
11678,18,98,63,79,8.8,1
11679,24,53,67,73,7.7,1
11680,19,81,66,64,4.6,1
11681,22,77,73,88,6.4,1
11682,18,57,57,72,5.4,1
11683,23,62,67,55,3.5,1
11684,20,61,66,84,6.2,1
11685,25,62,53,60,2.9,1
11686,25,80,75,69,8.1,1
11687,23,67,74,68,4.5,1
11688,24,61,77,68,5.9,1
11689,19,63,86,40,6.1,1
11690,21,71,68,69,4.9,1
11691,18,69,90,63,6.8,1
11692,23,65,63,53,4.5,1
11693,24,81,71,57,7.4,1
11694,25,53,49,58,2.5,1
11695,23,81,64,68,5.8,1
11696,24,84,81,92,9.8,1
11697,25,57,49,53,3.3,1
11698,22,55,53,58,4.0,1
11699,18,83,75,90,6.6,1
11700,18,63,62,51,5.9,1
11701,20,84,51,82,6.3,1
11702,25,74,52,65,6.6,1
11703,23,100,50,100,6.9,1
11704,18,72,60,83,7.9,1
11705,24,85,57,65,6.4,1
11706,23,71,53,53,5.0,1
11707,25,69,74,77,7.0,1
11708,24,91,69,66,9.7,1
11709,19,72,55,73,5.2,1
11710,17,56,38,48,3.4,1
11711,18,82,68,68,7.9,1
11712,18,78,71,41,5.2,1
11713,20,53,46,52,0.7,1
11714,22,72,73,77,7.4,1
11715,20,58,60,64,4.3,1
11716,25,66,51,52,5.3,1
11717,20,82,64,83,6.2,1
11718,22,62,69,68,5.9,1
11719,22,79,81,69,7.1,1
11720,17,48,65,71,4.5,1
11721,24,79,78,68,6.6,1
11722,19,73,52,70,4.9,1
11723,22,95,56,67,7.1,1
11724,19,83,53,80,6.9,1
11725,18,55,65,67,3.4,1
11726,21,63,60,72,7.9,1
11727,17,68,71,65,4.3,1
11728,25,72,68,74,7.3,1
11729,23,75,85,70,6.3,1
11730,19,78,77,72,9.5,1
11731,20,64,59,57,5.0,1
11732,22,48,62,61,4.7,1
11733,19,58,61,68,5.5,1
11734,23,53,66,57,4.8,1
11735,22,84,62,74,7.3,1
11736,25,45,52,34,1.9,1
11737,21,72,48,60,3.2,1
11738,20,50,54,60,3.2,1
11739,19,98,60,83,7.6,1
11740,17,65,89,94,9.3,1
11741,19,72,61,73,5.3,1
11742,19,67,73,83,5.1,1
11743,23,57,58,68,5.7,1
11744,23,74,75,78,8.1,1
11745,17,57,66,68,3.5,1
11746,19,73,55,69,6.0,1
11747,24,68,65,72,7.6,1
11748,25,77,78,84,6.6,1
11749,23,71,80,76,5.9,1
11750,23,85,74,82,7.7,1
11751,24,38,35,42,0.5,0
11752,22,70,68,82,7.0,1
11753,19,77,79,64,4.1,1
11754,17,42,36,44,1.5,1
11755,23,59,75,78,6.6,1
11756,17,74,78,68,8.5,1
11757,17,49,52,45,5.2,1
11758,25,94,70,59,7.6,1
11759,23,80,61,78,9.0,1
11760,20,78,79,92,8.4,1
11761,22,91,84,84,9.1,1
11762,17,68,58,73,7.1,1
11763,23,67,71,80,5.7,1
11764,22,46,44,60,2.0,1
11765,20,48,55,75,5.0,1
11766,23,61,48,70,3.6,1
11767,19,99,91,82,10.3,1
11768,17,67,47,64,5.1,1
11769,20,79,50,61,5.8,1
11770,19,62,64,80,6.7,1
11771,17,61,60,57,5.6,1
11772,18,71,86,73,9.2,1
11773,21,66,58,62,4.1,1
11774,24,67,66,70,5.9,1
11775,17,58,42,67,3.9,1
11776,20,63,51,57,2.6,1
11777,20,58,36,60,4.2,1
11778,21,78,67,74,5.4,1
11779,23,67,68,73,4.6,1
11780,24,58,51,47,4.0,1
11781,22,40,56,66,2.4,1
11782,17,74,60,64,5.3,1
11783,23,57,64,70,2.2,1
11784,19,79,74,68,7.2,1
11785,22,73,55,60,5.7,1
11786,24,49,64,62,2.3,1
11787,23,64,70,84,4.8,1
11788,22,56,54,47,3.8,1
11789,25,84,73,78,6.2,1
11790,25,78,81,83,8.4,1
11791,17,45,44,53,1.4,1
11792,17,83,67,88,5.8,1
11793,17,79,66,49,5.1,1
11794,24,77,64,83,7.0,1
11795,23,69,80,78,6.0,1
11796,19,57,38,72,3.8,1
11797,18,65,69,75,4.8,1
11798,20,52,46,63,3.7,1
11799,19,83,72,74,7.9,1
11800,23,85,49,62,5.5,1
11801,24,91,69,88,9.7,1
11802,22,57,64,67,5.4,1
11803,19,66,59,60,3.9,1
11804,22,56,62,51,2.2,1
11805,18,56,45,50,1.5,1
11806,23,45,57,62,2.0,1
11807,23,71,67,70,6.1,1
11808,20,82,75,83,6.6,1
11809,24,43,40,43,2.0,1
11810,20,72,74,81,7.5,1
11811,23,61,64,55,4.4,1
11812,20,79,61,80,5.8,1
11813,21,94,83,92,9.0,1
11814,23,57,78,62,7.5,1
11815,19,76,57,59,4.9,1
11816,21,71,65,54,3.5,1
11817,19,60,23,62,0.8,0
11818,21,56,39,57,3.9,1
11819,19,64,53,72,5.0,1
11820,23,43,59,54,3.3,1
11821,17,46,56,76,5.2,1
11822,25,65,52,79,5.7,1
11823,25,67,62,81,5.0,1
11824,21,64,60,61,4.1,1
11825,25,78,60,69,5.9,1
11826,22,100,57,70,6.5,1
11827,21,54,55,59,3.1,1
11828,19,71,85,75,8.6,1
11829,24,73,52,77,5.3,1
11830,20,70,81,61,5.5,1
11831,19,69,66,72,7.1,1
11832,22,79,61,71,6.0,1
11833,24,69,75,80,7.6,1
11834,25,69,68,59,6.1,1
11835,22,62,37,61,4.2,1
11836,21,62,67,71,6.3,1
11837,18,41,61,66,3.0,1
11838,18,71,76,67,5.7,1
11839,25,81,63,67,5.4,1
11840,18,76,59,67,5.0,1
11841,18,77,71,76,5.2,1
11842,19,43,67,35,1.4,1
11843,19,65,61,64,4.3,1
11844,20,55,64,79,5.7,1
11845,23,71,79,62,5.9,1
11846,25,72,45,53,3.2,1
11847,18,94,77,89,8.3,1
11848,20,80,81,58,3.6,1
11849,25,87,78,72,7.6,1
11850,18,77,76,74,6.4,1
11851,17,71,56,36,4.1,1
11852,24,91,86,65,9.4,1
11853,25,49,67,64,2.9,1
11854,23,61,58,73,7.5,1
11855,24,86,73,74,7.7,1
11856,20,83,62,56,4.0,1
11857,20,90,77,76,8.6,1
11858,18,47,58,76,4.9,1
11859,24,65,81,71,6.1,1
11860,18,69,69,79,6.1,1
11861,25,48,57,65,5.2,1
11862,20,62,82,74,7.3,1
11863,17,75,86,77,7.2,1
11864,20,55,61,59,1.7,1
11865,19,70,72,71,8.4,1
11866,22,38,46,54,1.8,1
11867,23,90,64,70,7.8,1
11868,24,75,78,90,8.0,1
11869,18,56,66,44,3.1,1
11870,22,59,67,70,4.6,1
11871,22,50,73,52,3.1,1
11872,21,79,44,56,5.0,1
11873,23,56,64,63,4.8,1
11874,19,77,80,86,7.2,1
11875,20,80,71,72,8.4,1
11876,25,62,66,63,8.6,1
11877,20,65,48,55,4.3,1
11878,19,51,64,67,5.0,1
11879,18,59,38,40,1.8,1
11880,21,49,73,68,3.7,1
11881,20,82,79,61,7.6,1
11882,24,79,77,76,9.1,1
11883,23,50,53,65,2.8,1
11884,22,65,71,59,4.2,1
11885,18,53,78,55,5.4,1
11886,19,70,58,69,6.1,1
11887,25,68,50,57,3.7,1
11888,25,82,65,82,6.4,1
11889,21,59,55,72,4.5,1
11890,19,65,47,72,5.5,1
11891,18,58,62,72,6.7,1
11892,24,61,58,66,5.5,1
11893,22,48,49,62,4.5,1
11894,23,72,69,52,5.3,1
11895,17,76,63,67,5.3,1
11896,17,60,68,58,4.7,1
11897,18,55,53,65,4.9,1
11898,19,86,85,81,9.0,1
11899,17,64,71,68,6.7,1
11900,21,72,57,74,4.8,1
11901,19,94,87,64,7.0,1
11902,17,56,63,61,4.8,1
11903,24,72,70,74,8.1,1
11904,22,57,71,81,6.3,1
11905,25,69,55,67,5.3,1
11906,19,73,67,71,6.5,1
11907,25,51,71,63,2.0,1
11908,25,58,37,54,3.0,1
11909,17,47,49,66,2.9,1
11910,19,53,65,72,5.8,1
11911,22,76,77,93,9.3,1
11912,24,70,80,82,10.4,1
11913,20,65,88,70,6.9,1
11914,21,76,64,73,6.6,1
11915,25,52,53,53,1.5,1
11916,22,45,54,70,4.3,1
11917,23,71,62,60,3.8,1
11918,23,60,69,53,4.1,1
11919,20,53,63,79,5.1,1
11920,20,60,55,81,4.5,1
11921,20,44,46,38,1.1,1
11922,21,66,77,78,7.1,1
11923,21,66,64,66,3.1,1
11924,24,59,70,72,6.0,1
11925,25,89,83,99,10.1,1
11926,18,46,70,49,3.5,1
11927,23,47,39,45,0.5,1
11928,17,68,58,67,4.9,1
11929,17,81,93,85,7.9,1
11930,20,87,81,94,9.8,1
11931,23,54,61,47,2.8,1
11932,18,62,61,56,6.6,1
11933,18,53,71,71,4.5,1
11934,17,70,53,68,5.3,1
11935,18,80,76,90,11.3,1
11936,23,39,61,63,2.2,1
11937,25,85,64,63,6.1,1
11938,22,70,67,69,6.5,1
11939,18,85,79,81,7.9,1
11940,25,78,63,60,5.7,1
11941,23,72,57,65,6.2,1
11942,17,61,56,66,4.6,1
11943,25,67,58,75,6.1,1
11944,18,81,73,52,4.7,1
11945,20,68,83,79,6.9,1
11946,25,67,53,69,4.7,1
11947,20,78,73,63,6.3,1
11948,19,70,62,88,5.4,1
11949,17,89,90,68,8.0,1
11950,23,64,88,74,5.4,1
11951,22,58,57,56,1.6,1
11952,20,62,71,74,8.3,1
11953,22,73,45,61,3.5,1
11954,22,73,62,68,4.1,1
11955,20,60,58,89,4.2,1
11956,22,85,63,66,8.5,1
11957,24,57,47,26,0.8,0
11958,19,85,100,82,12.0,1
11959,20,76,82,76,7.8,1
11960,17,57,55,76,6.0,1
11961,20,79,64,68,5.4,1
11962,25,79,71,69,6.1,1
11963,24,70,74,86,6.6,1
11964,20,70,54,66,6.9,1
11965,23,72,69,87,6.7,1
11966,19,60,68,74,5.7,1
11967,25,65,62,80,5.1,1
11968,20,56,45,58,5.2,1
11969,18,75,62,63,5.1,1
11970,21,90,83,64,8.0,1
11971,18,83,64,75,6.8,1
11972,22,35,40,53,0.5,1
11973,17,72,85,91,6.9,1
11974,22,76,65,70,5.9,1
11975,20,76,66,54,5.5,1
11976,19,46,43,73,4.6,1
11977,18,86,64,69,8.0,1
11978,23,64,95,64,7.6,1
11979,25,59,75,68,3.8,1
11980,19,84,73,64,6.4,1
11981,22,71,34,55,3.4,1
11982,25,69,40,70,2.5,1
11983,18,52,46,67,4.1,1
11984,23,68,59,80,7.4,1
11985,21,71,70,63,7.6,1
11986,21,71,77,78,6.6,1
11987,23,77,65,71,7.1,1
11988,25,85,66,68,6.6,1
11989,20,53,56,66,4.1,1
11990,25,66,78,71,6.5,1
11991,25,90,81,61,7.3,1
11992,20,64,73,82,7.2,1
11993,19,86,88,87,8.1,1
11994,18,74,68,68,7.1,1
11995,25,75,86,76,6.3,1
11996,18,70,69,85,7.9,1
11997,22,75,45,51,5.4,1
11998,21,54,45,56,3.6,1
11999,21,52,50,47,5.1,1
12000,20,66,51,68,3.9,1
12001,22,37,70,66,4.0,1
12002,21,61,59,61,5.2,1
12003,20,64,45,60,3.8,1
12004,25,73,48,62,4.8,1
12005,22,63,48,34,1.3,1
12006,19,88,82,81,6.0,1
12007,22,83,67,70,5.5,1
12008,17,62,67,60,3.7,1
12009,21,86,75,72,7.0,1
12010,22,79,58,82,7.6,1
12011,24,60,57,41,2.0,1
12012,25,55,47,54,3.8,1
12013,19,66,54,64,3.8,1
12014,18,55,49,70,3.4,1
12015,20,74,71,53,7.3,1
12016,24,71,61,75,5.1,1
12017,24,86,59,59,4.9,1
12018,19,54,45,49,1.1,1
12019,20,74,73,73,6.9,1
12020,19,48,51,48,2.8,1
12021,18,77,64,57,5.6,1
12022,20,67,87,72,6.1,1
12023,22,84,87,96,8.5,1
12024,21,63,48,49,2.6,1
12025,19,60,46,41,0.5,1
12026,18,78,67,58,5.9,1
12027,25,73,82,80,9.5,1
12028,17,62,76,69,8.2,1
12029,25,77,68,61,6.0,1
12030,17,64,58,66,4.4,1
12031,23,80,66,61,7.3,1
12032,22,76,53,75,3.4,1
12033,23,66,52,61,6.5,1
12034,19,86,76,82,6.6,1
12035,19,72,79,94,7.8,1
12036,17,100,100,100,11.6,1
12037,20,79,57,81,6.4,1
12038,18,48,57,71,4.4,1
12039,24,64,76,69,5.4,1
12040,19,71,53,64,1.6,1
12041,23,80,75,60,4.0,1
12042,23,70,76,72,4.6,1
12043,25,67,36,73,4.3,1
12044,22,72,69,73,5.8,1
12045,17,65,60,59,3.7,1
12046,24,77,75,81,8.0,1
12047,17,80,61,64,5.5,1
12048,19,74,81,63,5.5,1
12049,21,56,62,72,4.8,1
12050,24,76,35,70,5.8,1
12051,25,77,68,81,7.3,1
12052,23,57,78,62,3.6,1
12053,25,81,48,67,4.1,1
12054,19,66,74,78,4.8,1
12055,21,36,63,56,2.5,1
12056,24,58,55,58,3.7,1
12057,17,74,63,68,4.5,1
12058,24,67,72,51,7.4,1
12059,23,80,62,76,6.1,1
12060,17,60,60,61,5.9,1
12061,22,89,87,90,7.4,1
12062,17,61,62,74,5.2,1
12063,18,68,61,79,6.4,1
12064,21,63,70,76,5.3,1
12065,18,77,72,66,6.1,1
12066,17,81,45,61,4.2,1
12067,22,47,39,35,0.5,1
12068,24,67,47,80,5.2,1
12069,24,75,100,67,8.6,1
12070,24,60,69,75,7.5,1
12071,22,72,67,86,7.6,1
12072,19,67,71,91,8.2,1
12073,17,50,58,66,5.7,1
12074,18,69,65,54,5.9,1
12075,21,57,72,65,4.1,1
12076,21,79,63,68,4.8,1
12077,17,65,57,77,6.9,1
12078,17,86,64,74,8.1,1
12079,25,73,66,65,5.2,1
12080,18,77,53,58,4.5,1
12081,23,66,63,69,5.5,1
12082,20,87,97,80,6.8,1
12083,23,60,42,59,2.3,1
12084,24,58,31,49,0.5,1
12085,21,87,53,74,4.3,1
12086,17,56,36,60,2.8,1
12087,20,65,73,64,4.4,1
12088,19,63,52,67,5.2,1
12089,21,79,51,53,4.5,1
12090,22,100,64,70,8.7,1
12091,18,78,51,69,6.2,1
12092,23,55,67,64,6.2,1
12093,19,65,63,72,6.9,1
12094,17,69,37,67,3.0,1
12095,19,66,70,82,7.8,1
12096,25,61,68,71,5.3,1
12097,22,68,67,81,7.0,1
12098,22,57,61,68,3.1,1
12099,20,56,68,65,2.1,1
12100,24,57,80,83,7.3,1
12101,21,56,70,60,6.3,1
12102,23,45,65,44,3.5,1
12103,25,46,80,54,3.6,1
12104,21,79,61,73,8.0,1
12105,21,59,61,67,2.9,1
12106,20,93,69,80,9.1,1
12107,22,65,59,56,3.5,1
12108,18,68,57,74,6.9,1
12109,19,67,70,70,4.8,1
12110,17,84,73,79,6.8,1
12111,18,61,75,60,4.3,1
12112,18,63,61,58,5.1,1
12113,24,59,62,61,5.6,1
12114,24,51,53,61,3.3,1
12115,18,82,96,64,7.1,1
12116,22,63,67,72,4.4,1
12117,21,86,76,57,5.0,1
12118,19,52,63,46,3.3,1
12119,21,55,54,51,0.5,1
12120,21,70,49,64,5.1,1
12121,21,89,81,91,10.8,1
12122,19,71,66,69,7.2,1
12123,19,74,66,71,5.5,1
12124,20,71,62,75,4.9,1
12125,23,70,49,62,5.5,1
12126,18,77,70,77,6.7,1
12127,20,58,34,75,2.9,1
12128,20,62,83,84,8.0,1
12129,17,76,72,66,7.1,1
12130,24,72,84,77,7.1,1
12131,17,92,71,60,6.5,1
12132,24,74,60,57,5.5,1
12133,23,76,55,87,7.0,1
12134,25,78,66,76,6.8,1
12135,24,55,54,79,4.7,1
12136,21,57,64,67,4.2,1
12137,24,66,62,64,5.7,1
12138,19,86,85,80,8.9,1
12139,23,52,68,60,2.8,1
12140,20,50,38,76,2.3,1
12141,21,59,67,76,5.9,1
12142,25,69,65,61,5.6,1
12143,23,71,70,67,5.9,1
12144,20,74,74,74,6.0,1
12145,22,59,79,56,5.0,1
12146,23,86,67,80,8.8,1
12147,25,43,35,53,2.0,1
12148,20,58,60,66,3.7,1
12149,19,70,69,66,5.3,1
12150,24,50,58,42,1.9,1
12151,17,51,56,66,5.1,1
12152,25,69,64,88,9.2,1
12153,17,70,77,81,5.5,1
12154,18,76,72,78,6.0,1
12155,24,60,50,43,2.7,1
12156,25,68,38,51,4.1,1
12157,23,62,55,55,4.7,1
12158,19,73,69,79,4.8,1
12159,23,83,81,82,8.3,1
12160,22,67,56,96,6.7,1
12161,18,63,62,71,3.1,1
12162,19,73,66,70,6.0,1
12163,21,89,82,68,6.6,1
12164,20,92,68,80,8.0,1
12165,18,82,73,88,9.0,1
12166,20,55,57,71,3.3,1
12167,24,76,54,59,3.7,1
12168,21,62,45,77,2.7,1
12169,21,64,81,66,5.0,1
12170,19,52,83,82,6.5,1
12171,24,70,64,79,7.7,1
12172,22,59,66,64,5.3,1
12173,18,64,47,48,4.8,1
12174,18,76,83,58,5.8,1
12175,25,68,65,72,3.7,1
12176,23,100,93,91,10.1,1
12177,25,63,48,61,2.0,1
12178,22,57,78,83,5.9,1
12179,21,97,95,75,10.0,1
12180,17,85,63,64,5.5,1
12181,22,83,52,63,5.1,1
12182,22,53,66,53,4.7,1
12183,19,65,62,59,5.1,1
12184,19,90,96,69,8.5,1
12185,19,36,46,36,0.6,0
12186,19,65,80,72,8.9,1
12187,23,58,61,56,2.4,1
12188,18,59,63,82,4.9,1
12189,18,48,68,55,4.6,1
12190,19,86,65,82,6.8,1
12191,23,55,40,57,2.0,1
12192,19,67,60,75,6.5,1
12193,23,77,80,85,10.0,1
12194,25,57,54,40,2.5,1
12195,20,75,72,60,5.9,1
12196,23,65,64,68,4.0,1
12197,25,57,69,71,6.4,1
12198,24,73,54,53,5.5,1
12199,24,69,66,61,4.1,1
12200,25,69,54,77,6.6,1
12201,21,95,69,71,9.5,1
12202,21,58,64,63,5.1,1
12203,19,88,79,87,7.1,1
12204,21,58,60,63,2.7,1
12205,24,54,56,75,3.4,1
12206,21,69,73,68,6.5,1
12207,20,92,68,89,8.8,1
12208,24,74,63,61,6.3,1
12209,23,72,57,73,4.8,1
12210,22,79,55,61,5.5,1
12211,21,51,50,62,2.7,1
12212,21,75,68,77,6.8,1
12213,18,74,68,81,7.4,1
12214,20,74,58,55,4.5,1
12215,24,60,32,67,4.5,1
12216,24,71,71,70,6.1,1
12217,17,87,57,75,4.5,1
12218,18,81,61,62,5.4,1
12219,21,77,70,73,10.1,1
12220,25,75,79,51,5.0,1
12221,23,72,78,62,4.7,1
12222,21,51,43,59,4.1,1
12223,17,74,69,71,7.1,1
12224,22,57,73,64,5.1,1
12225,24,38,56,75,4.1,1
12226,23,79,71,77,8.4,1
12227,18,76,71,89,8.6,1
12228,21,52,63,67,4.2,1
12229,20,51,75,45,1.4,1
12230,25,56,82,76,7.7,1
12231,17,62,48,76,4.0,1
12232,22,75,66,83,7.2,1
12233,19,57,45,63,1.2,1
12234,25,60,64,80,7.5,1
12235,21,78,44,54,2.8,1
12236,22,92,79,88,7.1,1
12237,25,60,60,73,5.5,1
12238,25,74,60,69,3.4,1
12239,24,73,79,66,4.6,1
12240,25,70,66,64,7.0,1
12241,20,63,69,72,5.7,1
12242,22,68,60,88,6.8,1
12243,21,100,86,91,9.8,1
12244,21,67,64,61,2.1,1
12245,20,81,92,73,9.1,1
12246,18,68,66,82,5.7,1
12247,22,68,52,73,3.5,1
12248,25,64,56,41,2.6,1
12249,17,57,64,75,5.1,1
12250,23,79,78,73,7.5,1
12251,22,61,57,69,5.2,1
12252,19,83,74,72,8.8,1
12253,17,54,50,57,2.3,1
12254,20,78,72,58,5.5,1
12255,25,54,62,50,2.7,1
12256,18,73,64,75,6.3,1
12257,19,58,61,68,7.5,1
12258,18,68,65,68,4.6,1
12259,18,39,52,51,0.5,1
12260,24,55,65,91,5.9,1
12261,19,84,62,66,6.5,1
12262,23,71,64,68,6.4,1
12263,24,59,92,71,8.2,1
12264,19,50,58,72,3.1,1
12265,18,74,81,74,7.0,1
12266,24,79,67,76,8.1,1
12267,19,47,62,61,1.6,1
12268,23,37,77,62,6.2,1
12269,17,58,60,52,4.4,1
12270,22,78,70,70,5.3,1
12271,25,85,81,72,6.3,1
12272,19,57,50,57,4.4,1
12273,23,81,54,66,4.0,1
12274,22,52,71,85,5.6,1
12275,24,50,56,63,3.1,1
12276,19,67,60,41,3.1,1
12277,19,82,78,86,7.0,1
12278,20,58,60,77,3.0,1
12279,19,63,68,78,7.0,1
12280,25,61,67,73,6.5,1
12281,20,45,65,40,1.7,1
12282,22,51,60,55,4.0,1
12283,24,80,89,74,8.1,1
12284,24,58,70,53,3.3,1
12285,21,52,53,60,4.5,1
12286,21,69,76,73,6.5,1
12287,22,49,61,68,7.2,1
12288,23,69,79,79,4.9,1
12289,23,70,62,64,4.2,1
12290,20,72,79,84,8.6,1
12291,22,76,72,86,9.3,1
12292,23,80,68,79,7.7,1
12293,21,70,68,69,5.7,1
12294,21,68,59,70,3.7,1
12295,18,53,54,72,3.7,1
12296,23,66,78,53,6.6,1
12297,22,70,69,58,6.4,1
12298,17,70,67,74,8.6,1
12299,20,72,78,63,6.9,1
12300,19,44,40,49,2.2,1
12301,19,82,55,72,7.8,1
12302,23,50,57,58,3.3,1
12303,20,67,51,51,4.7,1
12304,24,85,69,66,6.1,1
12305,25,91,91,96,9.9,1
12306,19,97,100,89,12.0,1
12307,21,60,75,78,6.8,1
12308,20,80,50,66,5.1,1
12309,22,84,63,73,6.7,1
12310,20,75,73,74,7.5,1
12311,24,61,62,72,4.8,1
12312,19,76,71,74,9.4,1
12313,21,88,62,71,6.0,1
12314,17,81,78,67,6.6,1
12315,22,67,76,79,7.0,1
12316,21,83,66,61,6.4,1
12317,24,89,82,80,7.3,1
12318,25,62,46,65,4.1,1
12319,24,60,68,52,4.3,1
12320,24,48,62,75,3.1,1
12321,19,79,76,76,6.5,1
12322,20,71,75,64,7.2,1
12323,20,68,62,73,6.5,1
12324,21,84,86,66,9.2,1
12325,25,60,61,52,5.5,1
12326,25,90,73,84,7.0,1
12327,17,68,48,48,3.1,1
12328,24,65,58,72,4.6,1
12329,17,66,70,84,7.0,1
12330,18,68,77,66,7.4,1
12331,23,57,68,84,4.9,1
12332,24,55,81,68,5.3,1
12333,17,57,53,56,2.2,1
12334,19,58,52,56,4.7,1
12335,23,70,81,66,7.5,1
12336,25,65,74,53,6.8,1
12337,24,83,67,65,6.6,1
12338,24,61,61,79,5.6,1
12339,25,81,59,59,5.5,1
12340,19,59,52,54,4.0,1
12341,24,62,59,62,7.0,1
12342,17,77,78,59,6.4,1
12343,24,82,74,80,6.6,1
12344,23,54,61,53,4.3,1
12345,24,49,40,50,0.8,1
12346,17,81,85,73,7.9,1
12347,22,64,46,72,4.4,1
12348,23,56,56,53,3.6,1
12349,21,83,81,69,7.0,1
12350,21,62,41,55,4.6,1
12351,23,72,76,70,7.8,1
12352,19,56,64,65,6.9,1
12353,22,57,72,72,7.0,1
12354,23,58,49,71,2.5,1
12355,17,79,82,76,8.2,1
12356,18,79,80,81,6.1,1
12357,20,76,87,73,4.7,1
12358,24,67,65,68,5.8,1
12359,22,61,57,62,1.6,1
12360,17,66,72,73,6.4,1
12361,21,57,60,47,3.2,1
12362,23,54,68,57,2.5,1
12363,22,70,45,58,2.2,1
12364,25,65,71,92,7.9,1
12365,24,63,58,54,4.1,1
12366,20,75,69,84,8.9,1
12367,21,60,60,52,4.3,1
12368,23,49,56,68,1.7,1
12369,24,58,63,70,3.0,1
12370,21,93,74,67,8.2,1
12371,25,86,75,82,5.2,1
12372,20,70,39,73,4.3,1
12373,20,60,90,81,5.9,1
12374,24,71,75,86,6.6,1
12375,17,81,71,87,8.0,1
12376,24,77,82,76,8.7,1
12377,21,62,60,78,4.7,1
12378,17,55,33,49,2.6,1
12379,20,72,62,58,4.6,1
12380,18,76,77,66,6.1,1
12381,20,53,66,63,3.4,1
12382,24,65,59,52,3.4,1
12383,21,89,78,60,6.3,1
12384,17,53,69,59,5.4,1
12385,23,64,68,65,5.6,1
12386,17,56,51,62,3.8,1
12387,25,67,60,59,5.0,1
12388,19,41,54,50,3.5,1
12389,19,90,76,79,7.5,1
12390,22,78,82,92,7.8,1
12391,22,54,42,49,1.4,1
12392,22,62,43,69,3.5,1
12393,17,49,66,56,2.2,1
12394,21,69,50,68,4.1,1
12395,22,67,69,74,5.3,1
12396,24,34,55,56,2.3,1
12397,17,59,54,52,3.5,1
12398,21,56,62,49,3.3,1
12399,19,77,55,80,6.0,1
12400,18,96,82,74,5.7,1
12401,24,65,85,71,3.9,1
12402,23,91,79,75,5.9,1
12403,23,56,52,73,4.3,1
12404,21,59,39,68,4.9,1
12405,25,81,85,67,9.2,1
12406,21,85,64,81,8.4,1
12407,18,50,49,73,2.6,1
12408,19,60,87,77,7.3,1
12409,20,76,88,63,7.3,1
12410,21,46,72,65,3.0,1
12411,19,87,73,94,7.3,1
12412,23,89,88,75,8.9,1
12413,21,50,35,62,3.0,1
12414,21,64,42,65,3.5,1
12415,22,72,71,78,7.7,1
12416,23,70,76,77,6.1,1
12417,24,73,66,68,6.7,1
12418,25,68,76,76,6.2,1
12419,20,80,57,82,6.4,1
12420,21,45,54,55,2.6,1
12421,21,83,80,83,7.8,1
12422,24,82,83,74,8.1,1
12423,25,52,58,54,5.0,1
12424,23,60,65,55,5.4,1
12425,21,43,36,60,2.1,1
12426,19,69,68,55,6.6,1
12427,17,74,81,73,6.8,1
12428,25,58,62,60,5.4,1
12429,21,88,68,57,8.0,1
12430,25,76,70,71,4.8,1
12431,20,85,93,59,6.7,1
12432,21,32,78,81,3.3,1
12433,20,87,67,82,5.4,1
12434,18,68,71,66,5.1,1
12435,17,71,83,52,6.0,1
12436,24,64,64,68,4.7,1
12437,20,54,68,83,5.2,1
12438,21,79,69,84,7.3,1
12439,22,80,85,74,4.5,1
12440,24,55,58,69,2.0,1
12441,24,73,78,70,9.3,1
12442,23,65,71,88,8.5,1
12443,20,53,35,75,2.7,1
12444,22,67,55,68,7.0,1
12445,20,71,53,60,4.4,1
12446,23,84,77,84,6.1,1
12447,17,75,71,83,6.1,1
12448,21,65,50,58,5.0,1
12449,20,60,49,50,3.8,1
12450,23,63,62,61,4.0,1
12451,25,48,74,47,3.5,1
12452,21,67,47,54,3.7,1
12453,20,57,69,61,5.4,1
12454,25,73,54,72,3.9,1
12455,21,71,67,86,7.0,1
12456,25,90,66,90,8.8,1
12457,24,48,66,56,4.2,1
12458,20,78,62,69,6.0,1
12459,23,86,66,68,6.6,1
12460,21,59,79,73,6.5,1
12461,20,68,76,75,5.7,1
12462,21,78,64,69,7.1,1
12463,21,77,72,63,6.6,1
12464,25,53,63,72,2.8,1
12465,25,71,71,84,7.4,1
12466,22,79,80,78,7.5,1
12467,20,64,55,52,3.8,1
12468,18,62,62,76,5.6,1
12469,19,66,62,72,7.0,1
12470,18,78,80,46,5.0,1
12471,21,79,70,72,7.9,1
12472,22,67,78,91,10.7,1
12473,21,73,48,60,3.8,1
12474,18,50,54,62,2.5,1
12475,21,72,58,75,6.2,1
12476,25,79,64,64,7.1,1
12477,20,51,71,72,5.0,1
12478,18,79,82,86,8.7,1
12479,19,69,40,57,2.6,1
12480,19,85,78,73,7.0,1
12481,25,60,60,63,4.2,1
12482,20,91,92,95,9.3,1
12483,17,95,97,87,9.9,1
12484,17,69,42,63,3.8,1
12485,23,52,68,68,4.3,1
12486,23,92,89,79,7.4,1
12487,18,60,63,64,4.6,1
12488,25,69,71,55,5.4,1
12489,25,65,68,69,5.6,1
12490,21,53,58,58,1.3,1
12491,19,59,69,70,5.5,1
12492,19,60,39,58,4.0,1
12493,19,65,59,62,4.4,1
12494,22,94,76,88,8.7,1
12495,20,67,61,43,2.7,1
12496,24,87,84,68,7.3,1
12497,21,74,60,67,4.9,1
12498,17,84,50,75,4.9,1
12499,25,72,75,90,7.2,1
12500,17,69,60,78,6.2,1
12501,22,72,64,67,6.8,1
12502,17,76,97,60,7.6,1
12503,19,51,55,82,4.8,1
12504,21,65,44,56,4.2,1
12505,23,63,61,60,3.1,1
12506,24,58,65,60,3.7,1
12507,25,78,100,91,12.0,1
12508,22,80,84,67,8.2,1
12509,25,43,54,73,2.5,1
12510,24,60,55,49,2.6,1
12511,25,74,79,73,6.6,1
12512,20,75,86,68,6.7,1
12513,25,63,57,78,6.7,1
12514,23,78,57,64,4.9,1
12515,21,69,70,64,5.2,1
12516,21,62,70,80,6.2,1
12517,17,75,48,66,5.7,1
12518,18,48,40,63,0.6,1
12519,19,84,66,55,5.0,1
12520,24,55,58,59,3.6,1
12521,22,57,63,62,5.9,1
12522,21,98,100,91,12.0,1
12523,17,82,68,58,6.3,1
12524,25,88,65,71,4.8,1
12525,19,100,74,81,7.5,1
12526,19,57,72,85,6.6,1
12527,18,71,69,79,6.4,1
12528,20,61,49,80,6.8,1
12529,18,85,73,90,10.0,1
12530,25,82,52,57,3.0,1
12531,23,64,77,86,6.5,1
12532,24,59,54,66,3.5,1
12533,19,67,61,94,6.7,1
12534,22,50,66,76,3.5,1
12535,22,82,75,68,4.6,1
12536,17,50,47,69,4.9,1
12537,22,76,74,83,7.6,1
12538,19,77,46,89,7.5,1
12539,19,56,51,44,2.8,1
12540,19,65,84,80,5.6,1
12541,24,78,60,65,3.9,1
12542,21,35,40,67,2.7,1
12543,20,70,49,60,5.0,1
12544,25,70,53,58,4.8,1
12545,25,93,79,90,10.8,1
12546,17,64,50,80,6.5,1
12547,18,68,56,46,2.5,1
12548,24,75,66,60,4.3,1
12549,21,69,70,65,7.7,1
12550,23,75,100,88,10.1,1
12551,17,39,47,73,2.0,1
12552,21,53,61,50,1.4,1
12553,19,86,68,90,9.6,1
12554,18,68,72,72,6.4,1
12555,18,81,62,64,3.6,1
12556,25,69,63,67,6.7,1
12557,20,49,47,56,0.5,1
12558,20,66,58,66,5.5,1
12559,23,91,65,86,6.2,1
12560,18,57,70,70,7.5,1
12561,19,56,42,69,3.3,1
12562,19,75,71,86,5.7,1
12563,22,57,63,71,3.5,1
12564,19,58,64,62,6.1,1
12565,21,61,59,52,3.5,1
12566,20,48,52,69,4.6,1
12567,19,66,44,60,3.3,1
12568,24,70,67,77,6.9,1
12569,19,70,80,85,7.4,1
12570,22,76,62,67,5.0,1
12571,23,58,61,63,5.6,1
12572,23,39,56,58,2.3,1
12573,18,56,53,79,4.8,1
12574,19,88,52,68,5.4,1
12575,20,82,85,100,11.3,1
12576,23,62,47,67,3.1,1
12577,18,90,66,86,8.7,1
12578,19,68,83,71,7.7,1
12579,23,61,89,69,6.1,1
12580,23,86,65,87,9.4,1
12581,19,74,64,70,6.3,1
12582,17,85,70,82,6.4,1
12583,19,60,47,69,5.4,1
12584,21,76,74,72,8.2,1
12585,23,100,73,80,7.9,1
12586,20,44,64,60,4.1,1
12587,17,36,46,64,2.6,1
12588,22,53,58,62,5.1,1
12589,18,72,68,78,3.7,1
12590,19,63,69,54,5.4,1
12591,20,75,83,75,8.2,1
12592,22,54,43,66,4.5,1
12593,22,77,58,64,5.4,1
12594,23,55,81,48,5.6,1
12595,21,70,72,93,7.4,1
12596,23,38,44,58,0.6,1
12597,18,36,59,53,4.2,1
12598,17,65,83,61,6.0,1
12599,24,78,68,65,8.1,1
12600,17,56,67,63,4.4,1
12601,18,48,51,67,1.4,1
12602,22,72,57,71,6.9,1
12603,17,61,56,60,4.1,1
12604,19,47,46,68,2.9,1
12605,23,51,47,67,4.1,1
12606,24,67,75,67,5.1,1
12607,20,48,48,71,4.2,1
12608,19,45,53,35,0.6,1
12609,17,93,64,80,7.5,1
12610,25,79,90,90,8.3,1
12611,22,56,66,63,6.9,1
12612,22,59,58,56,3.0,1
12613,25,75,58,50,5.1,1
12614,17,60,43,65,5.5,1
12615,22,71,54,68,6.8,1
12616,21,66,52,90,7.0,1
12617,22,57,61,59,3.9,1
12618,24,62,66,72,5.7,1
12619,21,77,75,84,6.5,1
12620,18,98,71,61,8.7,1
12621,18,75,49,75,7.0,1
12622,21,60,85,65,7.2,1
12623,19,94,76,60,5.7,1
12624,19,87,81,72,8.6,1
12625,24,80,80,68,6.4,1
12626,23,59,56,53,3.6,1
12627,17,83,80,76,8.6,1
12628,21,71,64,83,7.0,1
12629,25,73,50,69,4.5,1
12630,20,59,45,89,4.4,1
12631,17,76,60,73,6.2,1
12632,24,82,96,78,6.5,1
12633,21,82,51,81,5.9,1
12634,18,81,58,61,6.2,1
12635,17,73,81,93,9.2,1
12636,19,94,99,69,7.9,1
12637,25,76,56,74,5.9,1
12638,17,80,67,84,7.6,1
12639,20,63,63,43,3.2,1
12640,24,70,75,68,6.4,1
12641,24,80,74,82,9.5,1
12642,24,62,55,56,5.0,1
12643,24,73,62,64,3.6,1
12644,20,63,56,78,4.1,1
12645,24,61,58,51,3.1,1
12646,25,62,57,73,3.8,1
12647,23,58,65,70,4.7,1
12648,18,34,57,45,2.4,1
12649,25,76,46,64,5.5,1
12650,24,83,68,78,7.5,1
12651,21,60,60,75,3.5,1
12652,19,71,86,87,8.8,1
12653,23,91,66,66,6.6,1
12654,18,74,56,80,7.8,1
12655,19,65,72,38,4.1,1
12656,25,69,81,83,7.4,1
12657,20,45,56,53,3.1,1
12658,20,82,68,66,7.5,1
12659,19,55,73,67,5.9,1
12660,21,75,65,61,6.7,1
12661,19,59,63,57,2.9,1
12662,25,49,75,71,3.5,1
12663,19,61,65,55,6.8,1
12664,18,52,64,60,3.4,1
12665,21,66,62,70,6.5,1
12666,22,40,63,62,2.5,1
12667,17,65,70,73,7.4,1
12668,22,58,69,67,2.8,1
12669,19,93,67,85,6.7,1
12670,20,84,62,83,6.9,1
12671,22,63,56,56,4.0,1
12672,24,85,68,90,6.8,1
12673,25,82,70,60,6.1,1
12674,22,60,57,70,4.3,1
12675,23,61,59,71,3.3,1
12676,21,60,50,72,1.2,1
12677,25,83,64,80,6.3,1
12678,20,65,55,49,2.1,1
12679,22,59,60,77,5.7,1
12680,21,77,83,65,4.9,1
12681,17,93,74,84,7.0,1
12682,21,80,68,68,4.8,1
12683,21,54,60,79,4.8,1
12684,25,61,64,74,7.1,1
12685,17,76,76,79,6.2,1
12686,21,86,71,65,6.2,1
12687,23,75,43,83,6.5,1
12688,22,51,71,37,2.1,1
12689,22,74,79,81,7.2,1
12690,23,84,66,76,6.8,1
12691,22,56,62,62,3.3,1
12692,21,71,67,47,5.0,1
12693,21,66,70,64,5.4,1
12694,25,58,55,78,5.2,1
12695,24,61,69,63,6.2,1
12696,20,86,80,66,8.6,1
12697,20,51,87,67,7.9,1
12698,21,61,54,69,2.6,1
12699,19,72,75,78,6.9,1
12700,24,90,67,92,8.4,1
12701,23,78,69,78,6.4,1
12702,21,79,83,69,7.9,1
12703,19,76,76,100,9.9,1
12704,21,68,70,71,7.8,1
12705,19,64,57,63,6.0,1
12706,21,86,61,79,7.8,1
12707,17,87,58,73,5.8,1
12708,22,72,71,76,5.6,1
12709,20,59,59,62,4.7,1
12710,20,78,70,93,8.9,1
12711,24,56,80,56,3.7,1
12712,18,93,72,71,8.9,1
12713,20,68,76,55,6.6,1
12714,18,55,56,55,2.4,1
12715,17,85,71,79,6.3,1
12716,19,43,28,58,0.9,0
12717,24,80,83,76,6.9,1
12718,22,85,76,71,7.4,1
12719,23,63,69,75,4.2,1
12720,18,89,78,70,5.8,1
12721,22,100,99,87,9.8,1
12722,24,66,51,54,4.4,1
12723,24,50,49,43,3.2,1
12724,20,74,72,88,8.8,1
12725,22,88,74,100,9.8,1
12726,21,57,78,72,5.5,1
12727,25,80,64,84,7.7,1
12728,24,98,73,87,8.5,1
12729,18,62,42,63,3.9,1
12730,23,63,68,50,4.4,1
12731,23,88,75,85,8.2,1
12732,17,89,89,95,9.2,1
12733,17,62,77,77,6.7,1
12734,20,56,41,60,3.6,1
12735,21,100,84,88,9.9,1
12736,20,66,49,64,4.3,1
12737,23,55,64,78,4.8,1
12738,19,70,62,73,6.3,1
12739,23,65,97,87,8.9,1
12740,24,58,99,86,7.4,1
12741,22,82,66,78,6.4,1
12742,22,72,70,73,6.5,1
12743,24,74,43,55,5.6,1
12744,24,85,53,77,6.7,1
12745,23,50,49,59,0.5,1
12746,22,72,62,52,4.8,1
12747,22,73,71,74,6.0,1
12748,22,70,47,60,3.0,1
12749,24,89,71,51,6.3,1
12750,17,68,38,70,5.1,1
12751,21,86,75,95,9.4,1
12752,19,86,84,82,9.0,1
12753,24,63,78,46,4.5,1
12754,22,63,63,71,5.2,1
12755,18,78,70,78,5.3,1
12756,23,60,54,57,4.5,1
12757,23,65,71,68,5.9,1
12758,21,70,53,59,3.8,1
12759,24,67,75,61,3.0,1
12760,21,97,67,70,6.9,1
12761,17,86,69,86,6.9,1
12762,25,69,66,74,3.7,1
12763,20,86,78,70,7.5,1
12764,18,61,56,76,4.1,1
12765,20,76,71,56,6.1,1
12766,25,82,62,68,7.3,1
12767,18,62,67,74,5.4,1
12768,20,72,74,73,6.5,1
12769,18,73,56,66,4.4,1
12770,21,66,60,70,5.1,1
12771,19,72,57,62,5.0,1
12772,18,70,44,74,3.9,1
12773,25,75,68,73,5.1,1
12774,21,71,47,55,2.1,1
12775,21,58,66,73,4.4,1
12776,17,82,61,70,4.9,1
12777,22,70,69,64,4.9,1
12778,23,74,46,64,5.0,1
12779,17,75,53,58,5.4,1
12780,25,79,61,67,6.6,1
12781,24,70,85,74,7.4,1
12782,24,70,63,64,4.1,1
12783,23,43,52,51,2.9,1
12784,21,79,51,61,3.2,1
12785,19,67,67,60,4.4,1
12786,25,76,56,59,4.7,1
12787,23,68,66,67,3.8,1
12788,24,56,51,60,2.6,1
12789,22,58,74,64,4.5,1
12790,21,62,57,75,5.9,1
12791,24,81,69,62,6.8,1
12792,19,70,51,53,4.3,1
12793,23,70,78,62,4.6,1
12794,18,59,57,60,3.5,1
12795,19,72,55,74,5.4,1
12796,18,56,48,55,3.6,1
12797,21,67,75,67,6.8,1
12798,23,49,31,64,1.6,1
12799,17,62,60,55,4.7,1
12800,25,86,59,79,6.2,1
12801,17,56,65,69,5.9,1
12802,17,93,90,82,11.4,1
12803,24,78,67,61,6.3,1
12804,22,79,54,58,3.3,1
12805,22,61,66,73,5.3,1
12806,25,41,67,54,1.6,1
12807,20,74,77,75,5.3,1
12808,24,62,54,69,3.7,1
12809,20,74,80,82,7.5,1
12810,18,67,67,71,4.3,1
12811,24,75,60,62,5.2,1
12812,23,70,59,70,4.1,1
12813,20,87,86,100,9.3,1
12814,25,78,55,74,4.8,1
12815,25,87,79,79,9.5,1
12816,24,76,70,69,7.3,1
12817,17,80,67,73,6.6,1
12818,23,59,65,78,6.3,1
12819,21,78,73,73,6.4,1
12820,23,47,48,43,1.3,1
12821,25,52,69,72,4.9,1
12822,18,80,98,83,7.4,1
12823,20,63,59,60,5.4,1
12824,20,39,55,65,2.4,1
12825,18,59,70,69,5.4,1
12826,19,100,91,86,9.2,1
12827,24,74,80,82,8.2,1
12828,25,71,54,70,5.4,1
12829,22,66,67,72,7.6,1
12830,18,86,63,69,4.7,1
12831,18,53,43,55,1.8,1
12832,23,53,42,64,3.5,1
12833,24,91,71,78,8.9,1
12834,24,86,55,69,4.9,1
12835,22,62,53,66,5.0,1
12836,24,58,87,56,4.8,1
12837,17,100,85,88,9.7,1
12838,25,82,81,90,9.1,1
12839,17,86,94,89,10.4,1
12840,19,45,82,65,5.2,1
12841,25,71,72,74,6.2,1
12842,21,41,62,50,2.2,1
12843,25,76,73,87,8.7,1
12844,25,37,46,66,2.9,1
12845,22,83,76,69,6.0,1
12846,17,43,64,60,3.1,1
12847,23,43,68,54,4.2,1
12848,22,51,59,67,3.7,1
12849,25,75,52,61,4.2,1
12850,23,59,55,41,4.3,1
12851,20,60,72,65,4.3,1
12852,23,80,66,73,7.3,1
12853,18,57,57,50,3.1,1
12854,22,83,59,79,6.0,1
12855,22,77,74,74,8.2,1
12856,18,61,50,57,4.4,1
12857,20,84,58,72,3.9,1
12858,24,67,58,70,5.0,1
12859,24,81,58,69,8.1,1
12860,24,68,73,69,5.9,1
12861,24,39,66,57,4.3,1
12862,17,81,70,61,6.6,1
12863,18,75,44,47,3.1,1
12864,20,87,60,80,7.0,1
12865,25,66,92,64,6.4,1
12866,19,63,36,57,4.8,1
12867,22,64,47,59,3.7,1
12868,23,63,78,84,3.5,1
12869,24,80,94,77,6.7,1
12870,23,81,93,85,8.2,1
12871,19,59,65,54,4.1,1
12872,22,74,63,75,6.5,1
12873,21,59,30,51,0.9,1
12874,20,92,64,57,4.2,1
12875,17,63,57,66,5.4,1
12876,23,62,72,55,3.5,1
12877,24,56,38,62,3.4,1
12878,18,65,61,61,4.0,1
12879,23,80,77,64,6.1,1
12880,22,64,74,64,5.1,1
12881,21,27,54,58,0.6,0
12882,20,59,50,41,0.8,1
12883,18,64,61,58,4.2,1
12884,22,69,78,74,6.5,1
12885,21,41,48,45,0.5,1
12886,18,67,64,75,4.4,1
12887,23,56,61,74,4.3,1
12888,22,75,74,90,8.6,1
12889,25,52,48,71,4.7,1
12890,21,65,56,79,6.3,1
12891,25,76,62,69,5.8,1
12892,25,35,45,46,0.8,1
12893,17,87,62,69,7.2,1
12894,21,58,57,56,6.0,1
12895,25,74,66,69,6.6,1
12896,23,100,100,89,12.0,1
12897,22,57,25,50,0.9,0
12898,22,92,71,100,9.3,1
12899,23,65,64,59,4.9,1
12900,17,69,80,68,6.1,1
12901,20,74,86,87,5.4,1
12902,17,67,58,58,4.6,1
12903,22,59,56,54,4.2,1
12904,20,75,66,69,6.2,1
12905,17,53,54,50,2.2,1
12906,25,69,71,84,7.2,1
12907,20,61,63,66,4.6,1
12908,22,62,42,49,3.0,1
12909,23,55,44,67,4.5,1
12910,24,91,83,80,8.3,1
12911,25,57,58,51,4.3,1
12912,25,49,77,75,6.3,1
12913,24,67,61,67,3.9,1
12914,19,48,57,62,7.2,1
12915,18,64,87,62,7.0,1
12916,21,100,82,79,9.6,1
12917,17,77,56,61,5.1,1
12918,19,84,66,79,7.0,1
12919,17,58,54,65,5.7,1
12920,19,78,80,77,8.4,1
12921,20,74,57,53,3.9,1
12922,23,81,92,82,7.1,1
12923,21,78,69,60,5.1,1
12924,21,85,84,58,5.4,1
12925,17,76,56,69,5.7,1
12926,24,58,64,80,6.1,1
12927,20,73,73,71,5.2,1
12928,21,68,73,65,6.0,1
12929,18,70,79,77,9.0,1
12930,17,86,63,64,7.7,1
12931,25,88,51,92,7.4,1
12932,18,63,59,78,4.5,1
12933,22,63,55,63,3.5,1
12934,17,56,75,75,7.6,1
12935,17,87,58,65,7.4,1
12936,25,89,69,78,8.7,1
12937,20,65,64,71,4.2,1
12938,25,53,69,73,5.0,1
12939,21,37,53,51,1.9,1
12940,23,85,58,72,4.6,1
12941,17,67,62,86,7.7,1
12942,22,65,71,65,4.5,1
12943,24,64,78,82,6.9,1
12944,17,44,58,81,5.1,1
12945,25,76,76,88,6.2,1
12946,19,64,54,53,3.0,1
12947,17,52,59,73,5.7,1
12948,17,58,54,56,0.5,1
12949,22,61,64,66,5.1,1
12950,22,42,46,66,1.9,1
12951,17,68,63,78,8.2,1
12952,19,84,60,73,7.2,1
12953,23,53,77,60,6.5,1
12954,19,70,83,64,8.8,1
12955,19,64,45,57,3.4,1
12956,19,87,68,55,9.3,1
12957,23,67,94,87,7.6,1
12958,20,79,68,74,5.0,1
12959,20,67,87,83,8.0,1
12960,19,56,70,69,3.1,1
12961,25,57,49,59,3.7,1
12962,18,59,77,65,4.2,1
12963,20,61,49,60,4.3,1
12964,24,56,63,70,3.2,1
12965,22,77,75,55,8.2,1
12966,23,64,70,76,4.9,1
12967,23,82,66,54,6.3,1
12968,18,60,65,61,4.2,1
12969,20,58,63,44,1.5,1
12970,22,72,79,69,6.1,1
12971,19,54,48,48,1.3,1
12972,25,75,55,64,5.3,1
12973,20,44,50,62,2.5,1
12974,18,93,87,86,9.9,1
12975,22,74,80,84,7.5,1
12976,17,59,77,72,5.7,1
12977,22,88,69,64,8.3,1
12978,17,56,48,82,3.6,1
12979,24,77,60,54,6.7,1
12980,21,43,65,72,5.9,1
12981,22,78,70,77,6.1,1
12982,18,100,80,81,8.3,1
12983,18,75,57,72,7.1,1
12984,25,68,58,83,6.1,1
12985,19,48,44,65,1.9,1
12986,22,65,74,60,3.4,1
12987,21,64,60,63,5.2,1
12988,20,75,51,61,5.7,1
12989,18,75,59,52,3.0,1
12990,24,99,85,86,10.8,1
12991,23,80,66,65,8.8,1
12992,18,62,65,72,6.8,1
12993,22,65,62,76,5.7,1
12994,24,64,62,61,5.0,1
12995,23,46,66,60,3.4,1
12996,17,80,71,71,5.7,1
12997,21,76,69,74,6.1,1
12998,18,46,64,56,2.8,1
12999,22,53,64,86,6.2,1
13000,23,74,57,67,5.2,1
13001,23,34,51,41,1.3,1
13002,19,61,60,57,3.6,1
13003,23,60,47,76,4.6,1
13004,21,94,97,94,9.7,1
13005,24,81,60,57,6.7,1
13006,24,48,59,55,2.6,1
13007,23,82,75,67,6.6,1
13008,22,51,21,63,2.1,0
13009,18,78,77,66,7.9,1
13010,22,64,77,78,4.5,1
13011,25,90,57,54,5.3,1
13012,18,79,58,77,8.4,1
13013,17,40,53,47,2.7,1
13014,21,48,57,63,2.4,1
13015,22,70,59,45,4.2,1
13016,19,75,65,75,7.8,1
13017,24,54,41,54,2.2,1
13018,23,43,29,42,0.5,0
13019,18,36,42,75,4.5,1
13020,23,65,66,87,6.7,1
13021,17,78,80,74,8.1,1
13022,25,46,63,65,4.5,1
13023,23,53,64,59,4.6,1
13024,22,75,81,65,8.0,1
13025,18,48,62,43,1.4,1
13026,19,68,62,55,4.6,1
13027,17,67,70,80,5.9,1
13028,21,76,73,75,6.5,1
13029,25,56,62,55,4.4,1
13030,22,71,66,60,5.6,1
13031,21,62,46,41,0.5,1
13032,19,65,75,46,4.1,1
13033,21,70,83,76,6.5,1
13034,24,49,39,59,3.3,1
13035,18,69,68,84,5.6,1
13036,21,70,69,53,6.5,1
13037,22,70,74,73,4.7,1
13038,24,52,66,78,5.9,1
13039,24,57,59,70,3.4,1
13040,21,70,57,68,5.0,1
13041,25,75,78,81,6.8,1
13042,20,66,54,72,5.8,1
13043,25,59,57,56,4.2,1
13044,23,59,56,66,6.0,1
13045,22,79,68,70,7.1,1
13046,20,53,42,62,1.0,1
13047,18,64,83,88,8.0,1
13048,24,73,60,73,4.8,1
13049,22,65,84,72,6.4,1
13050,19,75,73,59,8.1,1
13051,23,74,42,64,2.5,1
13052,23,77,56,69,3.9,1
13053,22,51,67,68,4.9,1
13054,18,48,75,66,3.8,1
13055,24,74,74,74,9.3,1
13056,17,76,74,58,3.6,1
13057,17,57,58,56,4.3,1
13058,22,55,62,68,5.9,1
13059,21,70,62,66,2.9,1
13060,25,70,76,69,4.6,1
13061,23,94,73,61,6.2,1
13062,18,71,48,82,4.8,1
13063,23,67,68,69,5.3,1
13064,19,66,82,57,4.3,1
13065,17,50,29,53,2.2,0
13066,24,84,72,65,6.2,1
13067,19,98,78,84,9.4,1
13068,24,52,56,56,5.5,1
13069,23,80,77,72,6.0,1
13070,18,64,54,81,7.0,1
13071,17,80,50,64,2.7,1
13072,23,99,90,84,9.2,1
13073,17,58,75,74,5.9,1
13074,22,86,85,84,9.1,1
13075,24,71,60,71,3.9,1
13076,23,79,80,80,9.5,1
13077,20,62,67,66,7.2,1
13078,17,74,60,75,6.7,1
13079,17,69,75,79,6.0,1
13080,20,57,65,62,5.0,1
13081,21,91,84,92,8.1,1
13082,23,56,58,72,5.8,1
13083,20,49,40,61,1.2,1
13084,17,59,60,48,3.0,1
13085,23,70,41,73,5.1,1
13086,18,82,43,75,6.2,1
13087,18,65,75,86,5.4,1
13088,24,53,69,82,8.2,1
13089,21,46,50,58,1.2,1
13090,18,77,70,61,5.8,1
13091,21,50,59,56,1.5,1
13092,24,74,67,84,7.2,1
13093,22,73,60,64,5.3,1
13094,19,78,62,65,6.4,1
13095,24,42,64,79,3.6,1
13096,25,80,83,75,8.3,1
13097,21,76,87,84,7.8,1
13098,18,74,58,68,6.8,1
13099,18,47,86,63,5.2,1
13100,23,87,67,71,6.8,1
13101,17,61,58,67,3.9,1
13102,18,80,74,85,7.4,1
13103,20,100,70,76,9.1,1
13104,17,83,70,87,7.9,1
13105,20,46,73,63,3.9,1
13106,21,71,83,69,6.3,1
13107,25,63,56,63,2.7,1
13108,17,74,81,85,6.8,1
13109,21,89,73,76,6.5,1
13110,18,42,48,47,1.4,1
13111,25,70,47,60,2.9,1
13112,22,74,54,71,4.9,1
13113,18,66,55,60,4.8,1
13114,19,60,70,61,2.8,1
13115,24,62,77,65,6.4,1
13116,17,68,82,76,6.1,1
13117,19,72,67,80,5.1,1
13118,17,59,49,61,3.8,1
13119,24,78,80,83,7.8,1
13120,17,93,92,90,9.1,1
13121,21,44,67,60,4.4,1
13122,20,66,47,67,4.2,1
13123,23,90,55,82,6.6,1
13124,21,61,68,80,4.7,1
13125,24,54,61,64,5.2,1
13126,17,71,75,63,7.1,1
13127,21,35,41,58,1.3,1
13128,20,83,78,80,8.4,1
13129,19,68,55,69,5.7,1
13130,21,68,64,60,4.6,1
13131,19,66,71,75,5.3,1
13132,24,70,72,62,5.4,1
13133,19,57,37,48,1.7,1
13134,17,70,83,78,8.8,1
13135,25,72,60,77,5.6,1
13136,25,87,84,59,6.5,1
13137,22,67,83,66,7.6,1
13138,17,62,56,53,3.3,1
13139,24,85,91,89,6.5,1
13140,18,54,55,68,4.9,1
13141,25,84,72,65,7.4,1
13142,24,46,52,50,0.8,1
13143,19,77,85,74,5.3,1
13144,21,54,74,81,4.2,1
13145,25,72,77,58,6.5,1
13146,17,57,60,62,6.5,1
13147,25,66,50,59,3.9,1
13148,20,66,66,59,3.9,1
13149,20,73,52,64,5.3,1
13150,20,65,60,60,3.5,1
13151,25,75,81,93,7.4,1
13152,22,50,47,54,4.7,1
13153,24,57,51,51,0.5,1
13154,20,64,71,70,4.7,1
13155,19,62,52,46,3.2,1
13156,17,51,49,68,1.9,1
13157,23,76,36,57,2.8,1
13158,20,63,65,59,5.7,1
13159,24,74,61,92,8.4,1
13160,19,55,61,76,6.2,1
13161,17,64,56,58,4.2,1
13162,21,91,57,78,6.5,1
13163,18,65,49,68,4.5,1
13164,19,64,47,49,4.0,1
13165,22,67,67,46,3.0,1
13166,19,53,49,57,1.6,1
13167,19,76,74,49,4.6,1
13168,22,83,62,78,5.8,1
13169,21,61,60,55,5.3,1
13170,25,50,57,73,4.6,1
13171,17,66,27,73,3.4,0
13172,19,77,75,77,6.8,1
13173,19,45,52,24,2.6,0
13174,22,68,72,84,7.2,1
13175,24,52,35,56,3.3,1
13176,19,62,58,61,3.8,1
13177,19,65,48,50,2.3,1
13178,22,74,62,79,4.4,1
13179,24,85,73,77,7.6,1
13180,22,70,65,68,6.6,1
13181,19,100,79,88,7.7,1
13182,20,73,80,80,6.6,1
13183,17,54,51,49,3.1,1
13184,24,51,48,68,4.8,1
13185,20,57,44,64,3.8,1
13186,22,85,81,65,8.4,1
13187,19,41,68,66,2.9,1
13188,22,67,55,75,7.5,1
13189,25,72,63,94,7.5,1
13190,25,77,78,95,9.5,1
13191,19,56,41,67,4.6,1
13192,19,86,70,73,7.1,1
13193,20,73,89,67,10.5,1
13194,23,64,64,70,4.1,1
13195,19,59,47,55,2.1,1
13196,24,46,45,49,1.4,1
13197,24,73,61,74,7.1,1
13198,22,50,31,67,1.4,1
13199,20,71,60,77,4.7,1
13200,21,88,73,84,6.5,1
13201,18,57,67,60,5.9,1
13202,22,63,80,85,6.4,1
13203,19,62,70,65,6.0,1
13204,22,80,83,85,8.3,1
13205,21,55,58,66,3.4,1
13206,18,68,78,61,4.0,1
13207,21,54,53,64,3.8,1
13208,21,67,79,59,7.3,1
13209,25,69,75,76,7.5,1
13210,24,73,76,69,6.5,1
13211,23,89,79,97,8.1,1
13212,19,57,54,59,2.9,1
13213,20,78,84,75,9.2,1
13214,22,72,84,81,8.9,1
13215,19,89,78,68,7.1,1
13216,25,67,95,69,9.4,1
13217,24,51,53,59,1.9,1
13218,22,70,49,64,4.3,1
13219,20,59,60,71,3.9,1
13220,23,69,67,87,7.1,1
13221,19,64,51,77,3.2,1
13222,24,64,69,76,7.2,1
13223,17,63,68,85,8.5,1
13224,19,78,47,76,7.0,1
13225,21,61,82,49,6.1,1
13226,21,60,51,71,3.3,1
13227,18,59,40,66,3.6,1
13228,24,82,78,83,8.2,1
13229,21,73,78,69,7.2,1
13230,23,73,63,62,5.4,1
13231,23,57,49,64,4.6,1
13232,21,57,33,57,1.0,1
13233,24,46,78,42,3.1,1
13234,25,97,68,85,9.7,1
13235,20,77,38,73,2.7,1
13236,20,71,64,68,5.9,1
13237,24,93,82,58,7.7,1
13238,17,75,70,56,2.7,1
13239,20,67,64,72,5.9,1
13240,22,77,71,79,7.6,1
13241,20,60,52,69,5.5,1
13242,22,87,100,100,11.8,1
13243,21,55,50,56,1.8,1
13244,25,61,74,78,7.8,1
13245,25,75,68,61,5.1,1
13246,20,77,75,82,7.2,1
13247,20,79,68,87,6.5,1
13248,24,60,72,56,3.9,1
13249,20,77,51,69,6.0,1
13250,18,53,51,32,1.4,1
13251,18,79,74,65,6.8,1
13252,17,80,64,88,6.2,1
13253,21,61,77,70,6.9,1
13254,22,71,81,78,7.8,1
13255,25,95,79,64,6.3,1
13256,21,71,65,73,5.8,1
13257,22,43,55,59,3.6,1
13258,22,44,64,66,3.9,1
13259,19,78,73,78,8.1,1
13260,20,76,63,92,8.7,1
13261,17,58,72,68,5.0,1
13262,20,86,47,61,5.6,1
13263,17,56,61,55,3.5,1
13264,21,87,100,60,8.1,1
13265,24,77,76,74,7.0,1
13266,24,83,75,83,9.8,1
13267,21,49,53,75,3.6,1
13268,18,72,66,54,4.7,1
13269,22,47,67,63,6.0,1
13270,17,83,78,67,6.9,1
13271,23,68,78,64,5.0,1
13272,20,66,71,50,3.6,1
13273,21,76,61,72,7.4,1
13274,22,62,72,74,7.1,1
13275,17,64,62,61,3.5,1
13276,25,89,92,90,8.5,1
13277,20,74,79,77,8.1,1
13278,24,76,59,68,5.8,1
13279,21,72,70,79,5.7,1
13280,24,78,88,72,6.7,1
13281,17,52,55,50,3.6,1
13282,24,81,58,58,5.6,1
13283,20,51,46,41,0.8,1
13284,18,84,66,64,7.4,1
13285,22,50,60,74,2.1,1
13286,18,92,72,70,8.8,1
13287,21,61,75,65,4.8,1
13288,18,57,68,66,5.0,1
13289,19,80,66,61,4.1,1
13290,22,42,69,59,4.9,1
13291,17,100,86,83,8.6,1
13292,22,54,42,36,0.5,1
13293,19,77,66,68,8.3,1
13294,23,74,63,80,6.2,1
13295,18,64,63,48,2.8,1
13296,22,55,38,71,3.1,1
13297,24,100,60,94,9.2,1
13298,17,74,59,73,3.4,1
13299,25,85,63,66,3.0,1
13300,21,66,85,64,8.0,1
13301,21,73,58,56,6.2,1
13302,21,45,45,50,3.4,1
13303,22,59,60,61,6.0,1
13304,18,55,52,48,3.2,1
13305,22,75,71,70,7.9,1
13306,20,81,75,83,7.8,1
13307,24,72,84,78,6.7,1
13308,25,79,68,73,6.3,1
13309,25,88,90,80,9.4,1
13310,24,85,72,67,5.5,1
13311,19,65,47,61,2.9,1
13312,20,61,75,67,6.5,1
13313,17,86,89,93,10.1,1
13314,25,58,56,48,3.3,1
13315,21,69,64,58,4.7,1
13316,22,83,68,63,6.4,1
13317,19,71,54,72,5.4,1
13318,24,65,80,49,3.3,1
13319,23,67,86,69,8.0,1
13320,17,85,91,90,10.6,1
13321,21,51,63,61,5.9,1
13322,25,64,56,68,3.5,1
13323,22,62,40,63,2.1,1
13324,24,57,72,65,6.1,1
13325,17,80,78,78,7.9,1
13326,23,71,67,90,6.5,1
13327,19,85,65,76,5.5,1
13328,25,54,57,68,4.2,1
13329,22,67,50,73,3.1,1
13330,21,87,64,66,7.3,1
13331,24,75,63,86,7.5,1
13332,24,57,44,59,2.1,1
13333,19,94,73,94,9.0,1
13334,18,63,81,68,6.8,1
13335,18,77,71,91,8.6,1
13336,21,57,33,41,2.5,1
13337,23,76,56,54,2.5,1
13338,24,63,70,69,5.2,1
13339,24,70,79,78,6.6,1
13340,24,100,83,63,9.5,1
13341,19,81,60,62,7.1,1
13342,18,88,55,56,5.0,1
13343,20,69,62,51,3.2,1
13344,17,78,90,71,8.2,1
13345,19,56,45,62,3.4,1
13346,25,75,82,94,9.1,1
13347,23,53,57,62,4.9,1
13348,23,86,71,94,9.0,1
13349,17,81,71,74,7.0,1
13350,23,74,62,65,5.2,1
13351,23,62,40,73,4.4,1
13352,20,84,64,64,4.8,1
13353,23,58,72,64,6.4,1
13354,24,54,73,80,5.7,1
13355,19,54,54,63,4.2,1
13356,18,66,48,82,5.1,1
13357,23,58,62,65,5.7,1
13358,21,62,53,39,0.8,1
13359,21,65,68,64,6.5,1
13360,21,50,65,54,3.3,1
13361,23,68,42,58,3.0,1
13362,25,55,58,47,1.8,1
13363,24,60,52,42,1.6,1
13364,22,55,49,54,2.5,1
13365,23,64,69,63,3.9,1
13366,25,72,85,87,9.8,1
13367,22,62,50,63,4.3,1
13368,17,59,76,82,5.9,1
13369,20,91,66,72,6.4,1
13370,24,82,67,49,5.8,1
13371,23,61,56,69,5.3,1
13372,19,55,54,59,2.9,1
13373,19,80,68,86,8.7,1
13374,19,100,79,72,9.5,1
13375,17,57,51,64,1.8,1
13376,17,54,62,62,3.2,1
13377,22,67,49,67,4.9,1
13378,17,44,67,69,3.4,1
13379,21,72,80,82,6.6,1
13380,20,51,57,72,3.9,1
13381,21,70,85,64,10.3,1
13382,23,99,78,64,8.1,1
13383,22,70,68,66,6.0,1
13384,25,70,80,65,7.8,1
13385,22,61,71,70,7.9,1
13386,25,61,53,63,4.3,1
13387,20,59,62,57,3.7,1
13388,17,77,51,68,5.7,1
13389,17,67,79,87,7.4,1
13390,23,64,73,85,5.8,1
13391,19,44,43,59,2.0,1
13392,18,58,72,73,3.7,1
13393,22,47,61,63,5.3,1
13394,22,59,60,61,5.3,1
13395,23,92,76,83,9.8,1
13396,21,43,57,54,2.5,1
13397,24,83,65,78,6.6,1
13398,23,91,64,80,8.8,1
13399,18,99,88,99,10.5,1
13400,17,64,58,66,4.6,1
13401,25,72,80,65,6.6,1
13402,21,77,73,68,6.8,1
13403,21,83,69,64,5.9,1
13404,20,80,74,74,5.3,1
13405,18,56,71,70,6.5,1
13406,21,38,53,51,0.5,1
13407,18,64,65,77,7.0,1
13408,23,77,83,74,5.8,1
13409,25,59,66,76,5.0,1
13410,25,85,71,87,10.0,1
13411,22,79,60,54,4.0,1
13412,17,76,63,60,4.6,1
13413,22,100,84,79,9.9,1
13414,21,53,35,55,3.7,1
13415,20,35,55,73,4.3,1
13416,22,63,50,65,5.2,1
13417,22,61,59,76,7.3,1
13418,22,51,69,73,6.0,1
13419,18,68,48,60,2.7,1
13420,23,54,57,66,4.3,1
13421,20,55,51,85,4.2,1
13422,25,64,78,73,5.3,1
13423,18,88,69,63,6.4,1
13424,21,70,53,74,6.4,1
13425,20,61,56,55,1.6,1
13426,25,75,71,64,7.8,1
13427,20,55,79,49,6.1,1
13428,24,69,77,80,8.5,1
13429,24,72,62,69,6.5,1
13430,22,79,69,66,7.9,1
13431,22,78,65,67,6.5,1
13432,24,86,82,76,8.5,1
13433,25,82,62,67,6.6,1
13434,21,60,77,70,5.3,1
13435,17,100,89,87,10.5,1
13436,17,96,75,82,7.5,1
13437,18,68,71,83,6.8,1
13438,21,48,54,64,2.7,1
13439,20,38,41,52,2.7,1
13440,17,72,70,71,6.1,1
13441,20,74,85,54,5.8,1
13442,20,56,66,58,4.1,1
13443,20,72,71,46,5.8,1
13444,17,69,64,77,9.0,1
13445,25,84,82,68,7.0,1
13446,19,52,63,65,3.0,1
13447,20,70,76,58,5.3,1
13448,21,63,49,63,3.7,1
13449,23,45,57,61,4.6,1
13450,22,73,47,61,4.6,1
13451,21,56,45,57,4.4,1
13452,24,58,48,60,2.7,1
13453,17,53,68,65,5.2,1
13454,23,58,56,55,4.3,1
13455,22,51,38,51,0.5,1
13456,21,76,86,87,10.0,1
13457,23,68,42,90,7.9,1
13458,19,66,56,60,4.7,1
13459,17,66,68,64,5.5,1
13460,25,61,51,47,2.9,1
13461,18,80,93,77,9.2,1
13462,19,92,75,73,9.7,1
13463,24,64,60,79,5.8,1
13464,25,84,64,81,7.8,1
13465,19,61,59,60,5.9,1
13466,22,50,56,49,2.6,1
13467,23,72,69,60,4.6,1
13468,17,64,88,81,5.8,1
13469,23,52,67,59,4.5,1
13470,20,83,51,64,5.0,1
13471,21,67,77,81,5.3,1
13472,24,72,69,71,5.3,1
13473,20,46,66,55,5.6,1
13474,20,72,66,43,3.2,1
13475,24,88,82,63,3.9,1
13476,21,69,52,78,2.7,1
13477,22,91,65,88,7.7,1
13478,21,45,60,55,0.9,1
13479,17,81,100,84,8.0,1
13480,23,86,78,86,8.5,1
13481,22,58,63,51,4.8,1
13482,18,46,47,52,0.5,1
13483,23,55,66,77,4.7,1
13484,22,64,51,86,5.4,1
13485,21,67,59,64,3.3,1
13486,24,46,63,52,4.4,1
13487,21,92,81,85,8.9,1
13488,18,59,73,78,7.0,1
13489,22,60,58,68,3.5,1
13490,17,55,30,59,2.0,1
13491,21,71,55,82,4.8,1
13492,22,64,72,68,5.0,1
13493,23,62,80,72,6.6,1
13494,18,65,56,61,4.3,1
13495,17,94,60,73,6.6,1
13496,22,86,89,86,9.8,1
13497,19,67,75,75,7.3,1
13498,21,63,63,74,5.4,1
13499,18,68,72,48,5.1,1
13500,17,62,50,64,4.7,1
13501,17,75,87,82,8.1,1
13502,20,75,44,65,4.1,1
13503,18,74,57,57,5.6,1
13504,17,67,55,73,5.6,1
13505,22,62,55,64,4.4,1
13506,20,57,56,64,2.5,1
13507,23,77,75,76,6.2,1
13508,22,81,64,70,5.4,1
13509,21,69,57,72,6.6,1
13510,18,53,40,66,4.3,1
13511,21,74,84,80,8.2,1
13512,25,51,65,73,3.6,1
13513,25,69,91,100,9.3,1
13514,18,66,48,44,1.7,1
13515,23,81,76,48,6.5,1
13516,20,49,63,67,6.5,1
13517,19,63,63,53,3.7,1
13518,17,68,64,79,6.4,1
13519,19,75,68,91,8.3,1
13520,25,23,48,57,0.6,0
13521,25,72,71,69,6.6,1
13522,23,48,54,56,0.5,1
13523,19,48,44,71,3.4,1
13524,19,99,89,87,9.1,1
13525,20,71,61,68,4.2,1
13526,23,47,65,57,2.9,1
13527,23,77,74,55,5.1,1
13528,18,82,59,94,10.0,1
13529,21,62,59,69,1.5,1
13530,23,44,67,47,3.2,1
13531,23,84,66,87,8.8,1
13532,22,73,66,75,9.6,1
13533,24,59,72,71,5.3,1
13534,19,37,55,45,2.8,1
13535,17,75,77,91,10.1,1
13536,19,70,93,84,9.0,1
13537,18,61,74,81,7.0,1
13538,18,62,37,67,3.7,1
13539,18,50,54,69,5.4,1
13540,21,69,74,73,5.1,1
13541,17,81,68,66,6.2,1
13542,20,73,71,85,8.7,1
13543,21,75,77,70,7.4,1
13544,18,55,49,65,3.1,1
13545,21,77,65,77,8.5,1
13546,20,45,78,75,6.2,1
13547,24,63,83,71,7.0,1
13548,17,96,83,77,8.7,1
13549,21,61,40,57,3.1,1
13550,17,65,83,55,5.4,1
13551,20,43,78,71,4.3,1
13552,24,60,64,56,2.1,1
13553,17,62,71,59,6.3,1
13554,18,79,88,83,11.0,1
13555,17,40,53,48,1.5,1
13556,23,73,53,71,5.4,1
13557,18,73,65,71,6.9,1
13558,17,78,60,77,5.8,1
13559,22,79,70,56,5.3,1
13560,22,49,56,61,2.6,1
13561,18,70,57,73,6.0,1
13562,17,58,42,58,3.8,1
13563,19,34,49,53,0.7,1
13564,21,67,65,77,8.1,1
13565,22,75,61,86,7.6,1
13566,19,68,86,69,5.6,1
13567,25,70,90,80,6.0,1
13568,21,78,70,84,7.9,1
13569,18,62,49,58,6.0,1
13570,22,98,85,74,7.5,1
13571,24,67,66,73,4.8,1
13572,22,75,84,80,8.4,1
13573,20,75,61,71,6.2,1
13574,22,61,56,71,5.9,1
13575,24,57,51,63,2.7,1
13576,24,75,69,66,6.1,1
13577,18,66,50,59,3.7,1
13578,24,50,72,70,4.1,1
13579,22,91,40,63,3.7,1
13580,18,70,60,58,3.2,1
13581,17,100,85,85,10.2,1
13582,22,78,89,83,8.4,1
13583,23,88,72,83,9.7,1
13584,21,57,61,60,2.8,1
13585,24,63,71,53,5.7,1
13586,25,64,56,60,2.7,1
13587,20,53,50,61,4.0,1
13588,23,67,49,69,3.5,1
13589,24,74,73,77,8.2,1
13590,22,68,56,78,4.6,1
13591,18,93,87,82,7.9,1
13592,23,72,72,66,6.8,1
13593,25,97,93,75,10.6,1
13594,21,49,37,55,2.2,1
13595,18,68,58,78,8.3,1
13596,20,95,73,62,8.0,1
13597,19,67,44,60,3.4,1
13598,20,76,74,73,7.7,1
13599,23,78,59,72,6.2,1
13600,24,56,66,84,5.0,1
13601,17,65,50,46,3.7,1
13602,24,64,64,71,3.9,1
13603,21,94,74,88,10.0,1
13604,23,85,46,63,5.5,1
13605,17,90,80,74,7.2,1
13606,18,47,51,70,3.8,1
13607,17,41,72,63,3.8,1
13608,21,81,68,59,7.9,1
13609,22,57,45,60,2.5,1
13610,25,53,59,71,4.6,1
13611,24,59,60,64,5.6,1
13612,23,61,67,76,5.7,1
13613,21,80,67,75,5.1,1
13614,19,67,74,83,6.4,1
13615,25,59,70,82,7.0,1
13616,21,74,56,96,7.1,1
13617,19,59,73,70,3.3,1
13618,19,55,59,67,4.9,1
13619,19,85,71,84,8.1,1
13620,22,88,72,76,7.5,1
13621,17,52,50,55,2.5,1
13622,20,56,51,61,6.3,1
13623,24,47,53,51,1.1,1
13624,19,72,57,76,5.6,1
13625,21,64,79,76,9.7,1
13626,18,64,74,64,3.4,1
13627,18,57,67,58,3.7,1
13628,23,76,88,74,7.2,1
13629,19,51,45,56,2.1,1
13630,21,55,67,65,4.1,1
13631,19,72,74,93,6.8,1
13632,22,57,59,59,4.1,1
13633,19,62,55,66,5.0,1
13634,24,66,82,72,7.1,1
13635,18,77,63,58,6.4,1
13636,19,83,69,78,6.1,1
13637,24,56,71,58,4.8,1
13638,24,70,58,84,6.3,1
13639,17,56,53,60,5.2,1
13640,24,76,94,75,6.5,1
13641,18,66,52,80,4.4,1
13642,23,61,80,71,5.1,1
13643,22,58,56,55,3.3,1
13644,18,76,60,60,5.4,1
13645,21,44,55,42,3.7,1
13646,23,45,54,56,3.0,1
13647,24,76,81,58,6.1,1
13648,19,71,75,70,6.0,1
13649,17,75,70,71,7.2,1
13650,23,74,43,66,4.6,1
13651,21,79,69,61,6.4,1
13652,21,90,71,68,6.7,1
13653,23,81,82,77,6.5,1
13654,17,66,43,64,3.7,1
13655,24,69,61,53,5.8,1
13656,21,70,63,78,6.3,1
13657,24,68,64,59,5.5,1
13658,21,51,48,38,0.9,1
13659,23,58,71,67,5.9,1
13660,19,91,66,100,10.4,1
13661,18,62,64,62,4.7,1
13662,22,65,61,63,3.9,1
13663,21,66,69,77,6.3,1
13664,25,64,66,63,6.2,1
13665,20,81,41,80,8.1,1
13666,19,61,59,50,2.7,1
13667,25,69,62,79,7.1,1
13668,24,87,76,76,6.8,1
13669,22,80,76,70,5.2,1
13670,17,55,51,72,6.2,1
13671,17,70,80,94,7.8,1
13672,22,77,60,77,7.4,1
13673,19,61,55,64,3.0,1
13674,19,97,71,78,7.3,1
13675,22,69,72,58,5.4,1
13676,19,68,72,62,5.7,1
13677,22,58,68,59,5.7,1
13678,21,51,47,60,5.2,1
13679,20,78,50,73,8.1,1
13680,24,88,73,65,5.3,1
13681,18,55,62,57,3.0,1
13682,23,57,51,70,4.6,1
13683,20,74,70,81,5.9,1
13684,18,59,74,88,8.2,1
13685,23,74,81,75,6.8,1
13686,17,68,58,53,3.6,1
13687,20,82,96,97,11.0,1
13688,25,84,61,65,6.1,1
13689,20,86,79,82,8.3,1
13690,19,81,60,69,5.2,1
13691,18,59,64,63,6.7,1
13692,19,74,49,70,7.3,1
13693,17,89,85,82,8.2,1
13694,24,63,92,75,7.8,1
13695,17,86,59,100,7.4,1
13696,19,63,69,61,4.8,1
13697,19,72,66,54,4.2,1
13698,18,73,63,71,6.2,1
13699,21,91,66,72,7.6,1
13700,19,53,75,51,5.0,1
13701,19,81,85,84,7.8,1
13702,24,66,82,88,8.7,1
13703,20,64,52,68,3.5,1
13704,20,64,69,64,3.7,1
13705,19,64,55,66,5.2,1
13706,17,63,82,72,6.2,1
13707,24,60,77,62,4.3,1
13708,17,82,89,73,8.5,1
13709,23,75,72,85,6.4,1
13710,21,88,40,80,5.6,1
13711,20,63,50,62,2.3,1
13712,20,50,71,54,2.6,1
13713,24,76,77,75,6.1,1
13714,22,57,51,49,0.8,1
13715,17,71,67,73,7.7,1
13716,24,74,74,67,5.2,1
13717,18,81,75,95,12.0,1
13718,22,83,84,83,10.6,1
13719,25,52,81,65,5.1,1
13720,17,65,56,79,5.3,1
13721,22,73,80,61,7.7,1
13722,24,80,62,90,9.2,1
13723,18,61,44,54,1.9,1
13724,21,53,51,50,1.6,1
13725,22,70,63,60,4.1,1
13726,21,90,91,73,6.8,1
13727,19,94,64,80,6.6,1
13728,20,77,81,78,7.9,1
13729,23,63,60,54,2.9,1
13730,20,46,39,56,0.5,1
13731,25,86,82,74,7.4,1
13732,18,69,64,66,3.7,1
13733,21,43,45,54,1.1,1
13734,24,64,68,59,5.8,1
13735,21,89,62,79,7.2,1
13736,24,61,55,52,5.2,1
13737,24,63,61,63,4.5,1
13738,25,73,71,57,5.1,1
13739,22,63,58,47,4.7,1
13740,20,71,47,59,2.5,1
13741,19,72,56,70,3.9,1
13742,21,64,78,71,6.6,1
13743,22,65,54,82,6.2,1
13744,19,76,75,69,5.9,1
13745,18,58,61,61,3.3,1
13746,23,47,50,59,5.1,1
13747,21,38,43,56,0.7,1
13748,25,72,73,74,5.9,1
13749,19,90,58,75,8.6,1
13750,24,64,42,45,2.3,1
13751,22,82,45,50,4.2,1
13752,20,64,62,79,6.2,1
13753,25,73,87,67,8.3,1
13754,21,64,69,78,4.5,1
13755,22,45,54,55,4.0,1
13756,25,50,58,50,1.2,1
13757,23,67,72,94,5.7,1
13758,21,95,96,80,10.0,1
13759,18,80,67,61,6.1,1
13760,20,72,70,65,5.5,1
13761,18,71,100,57,6.2,1
13762,19,72,62,65,5.5,1
13763,19,53,57,62,3.7,1
13764,20,75,71,83,7.3,1
13765,22,70,66,74,6.0,1
13766,19,67,71,69,5.5,1
13767,17,58,57,80,3.4,1
13768,17,74,63,84,8.4,1
13769,25,64,71,86,7.0,1
13770,25,61,55,72,4.3,1
13771,21,83,57,88,7.7,1
13772,25,46,72,74,4.4,1
13773,23,56,53,69,3.8,1
13774,25,82,62,67,3.8,1
13775,23,50,18,67,1.6,0
13776,25,74,74,66,6.5,1
13777,18,70,46,47,1.5,1
13778,24,60,39,44,2.8,1
13779,23,52,41,56,0.9,1
13780,22,58,57,78,5.3,1
13781,21,70,71,57,5.2,1
13782,20,65,63,59,4.8,1
13783,23,68,41,72,3.2,1
13784,19,70,59,65,2.9,1
13785,24,73,48,77,6.5,1
13786,18,67,49,67,4.3,1
13787,17,52,68,68,6.2,1
13788,18,38,51,47,3.6,1
13789,25,81,79,75,5.9,1
13790,21,55,78,97,8.4,1
13791,24,77,76,75,6.8,1
13792,19,63,68,54,4.6,1
13793,23,83,63,68,6.1,1
13794,18,66,52,75,5.0,1
13795,24,86,65,77,5.5,1
13796,23,63,71,79,4.8,1
13797,21,78,61,76,5.1,1
13798,20,55,73,52,6.0,1
13799,17,36,56,62,3.3,1
13800,21,59,41,47,3.3,1
13801,25,41,38,62,2.4,1
13802,20,53,67,62,2.0,1
13803,25,53,43,51,2.8,1
13804,18,76,60,67,5.9,1
13805,20,49,66,55,3.5,1
13806,25,77,57,79,6.6,1
13807,20,77,59,67,5.6,1
13808,21,48,46,47,1.2,1
13809,24,79,67,80,6.9,1
13810,17,66,62,80,7.3,1
13811,17,55,54,67,3.3,1
13812,25,58,75,57,6.4,1
13813,25,84,56,56,3.6,1
13814,20,81,59,75,5.7,1
13815,18,73,63,43,2.7,1
13816,25,64,66,39,1.6,1
13817,20,58,71,58,4.7,1
13818,22,51,53,74,5.2,1
13819,17,60,50,65,4.6,1
13820,25,62,59,63,2.9,1
13821,21,61,63,56,4.6,1
13822,19,48,55,61,6.1,1
13823,20,75,67,80,5.4,1
13824,17,54,68,73,5.9,1
13825,25,58,74,53,4.0,1
13826,24,96,71,59,8.1,1
13827,20,58,68,46,2.9,1
13828,18,83,84,62,6.6,1
13829,25,82,69,66,8.1,1
13830,20,63,73,71,6.6,1
13831,25,74,61,72,5.1,1
13832,19,62,58,63,4.3,1
13833,23,63,77,72,7.8,1
13834,23,39,45,60,2.4,1
13835,20,63,41,57,3.4,1
13836,18,86,56,49,4.6,1
13837,25,69,88,79,8.2,1
13838,20,62,66,74,6.3,1
13839,24,63,56,71,3.4,1
13840,18,52,70,74,4.8,1
13841,24,86,43,58,4.1,1
13842,21,53,63,60,3.9,1
13843,23,72,90,76,7.7,1
13844,23,47,54,59,2.5,1
13845,25,92,60,94,9.0,1
13846,19,97,71,74,7.3,1
13847,20,71,81,72,7.9,1
13848,20,73,62,75,4.5,1
13849,21,54,67,78,5.2,1
13850,22,64,56,64,2.3,1
13851,19,81,51,49,4.3,1
13852,20,87,61,72,6.6,1
13853,19,82,73,76,8.4,1
13854,18,48,59,63,3.1,1
13855,25,65,50,57,4.7,1
13856,17,64,84,74,5.2,1
13857,18,51,28,60,2.4,0
13858,24,76,53,80,6.8,1
13859,23,61,64,55,3.9,1
13860,17,73,68,69,5.1,1
13861,21,71,60,71,4.5,1
13862,22,60,65,39,3.8,1
13863,21,72,71,74,5.5,1
13864,20,79,63,63,5.0,1
13865,17,59,64,65,4.7,1
13866,23,62,27,73,3.9,0
13867,25,61,66,80,6.2,1
13868,22,88,79,76,9.1,1
13869,19,71,85,54,5.8,1
13870,20,82,66,75,7.7,1
13871,21,45,52,66,2.4,1
13872,17,77,80,81,5.8,1
13873,21,59,61,40,3.1,1
13874,17,65,52,62,2.3,1
13875,25,57,68,66,3.9,1
13876,23,86,67,84,8.1,1
13877,19,81,91,75,7.6,1
13878,25,85,73,54,6.0,1
13879,18,53,35,51,2.1,1
13880,23,61,57,58,5.1,1
13881,25,66,46,61,6.2,1
13882,22,59,75,76,5.9,1
13883,21,46,54,52,1.4,1
13884,23,36,52,64,3.5,1
13885,22,81,77,77,5.4,1
13886,21,92,69,57,6.7,1
13887,18,46,72,65,0.7,1
13888,24,71,51,82,5.1,1
13889,23,71,73,53,5.8,1
13890,22,63,69,81,7.4,1
13891,21,85,64,91,7.0,1
13892,21,85,68,60,6.8,1
13893,25,50,61,51,3.7,1
13894,17,54,49,60,1.3,1
13895,25,62,68,69,4.6,1
13896,22,89,80,78,7.7,1
13897,20,80,92,77,8.6,1
13898,23,74,59,75,7.1,1
13899,25,90,53,48,6.4,1
13900,21,59,68,60,6.3,1
13901,21,66,52,62,4.3,1
13902,24,68,73,48,5.2,1
13903,23,78,69,80,9.2,1
13904,24,80,51,60,3.4,1
13905,18,87,76,74,9.1,1
13906,25,72,80,59,4.8,1
13907,19,88,98,69,8.4,1
13908,22,52,41,52,2.4,1
13909,22,86,48,76,6.8,1
13910,18,72,53,66,3.9,1
13911,23,54,52,66,2.4,1
13912,25,80,67,68,6.0,1
13913,17,90,73,80,7.7,1
13914,24,68,66,48,3.6,1
13915,18,46,48,58,2.2,1
13916,17,66,66,65,5.3,1
13917,24,72,71,72,5.3,1
13918,18,76,72,70,6.7,1
13919,22,69,80,72,7.6,1
13920,22,65,48,60,5.4,1
13921,21,89,83,92,9.6,1
13922,24,55,69,64,6.0,1
13923,19,65,60,82,4.7,1
13924,20,60,45,43,2.0,1
13925,23,68,67,76,4.9,1
13926,23,57,63,46,4.8,1
13927,24,70,73,74,7.6,1
13928,18,87,66,66,6.5,1
13929,18,48,52,62,2.9,1
13930,20,82,59,77,5.9,1
13931,25,68,66,91,7.0,1
13932,25,94,69,75,8.9,1
13933,20,82,69,68,7.5,1
13934,25,72,75,82,7.2,1
13935,19,51,74,67,5.6,1
13936,21,76,68,65,6.4,1
13937,25,81,75,74,8.2,1
13938,22,60,55,51,2.6,1
13939,19,70,72,50,4.7,1
13940,25,48,56,76,3.8,1
13941,22,75,73,75,6.3,1
13942,20,87,80,63,8.2,1
13943,20,70,54,77,4.2,1
13944,24,35,52,51,0.5,1
13945,23,76,41,63,4.6,1
13946,17,81,84,80,7.5,1
13947,22,79,58,68,6.7,1
13948,24,63,67,59,6.4,1
13949,19,73,71,61,4.9,1
13950,25,39,50,57,2.7,1
13951,18,64,72,64,6.6,1
13952,22,73,66,66,3.7,1
13953,17,95,100,97,10.3,1
13954,18,76,70,69,6.8,1
13955,21,72,62,43,4.2,1
13956,17,73,60,62,4.2,1
13957,24,75,62,59,5.3,1
13958,17,64,50,64,5.0,1
13959,25,70,64,75,8.0,1
13960,19,63,66,61,5.9,1
13961,18,75,62,50,3.9,1
13962,17,73,94,83,9.7,1
13963,25,73,63,61,5.6,1
13964,20,80,87,90,7.2,1
13965,17,77,48,65,4.2,1
13966,17,76,70,64,6.3,1
13967,23,67,65,66,6.2,1
13968,18,46,35,51,1.3,1
13969,23,87,66,85,9.9,1
13970,23,91,72,83,8.3,1
13971,25,72,58,75,4.6,1
13972,23,47,47,59,3.1,1
13973,17,74,76,75,6.3,1
13974,24,77,62,72,5.7,1
13975,24,69,58,72,6.3,1
13976,20,48,64,67,5.9,1
13977,24,71,63,73,6.6,1
13978,20,67,94,73,8.7,1
13979,24,57,67,62,6.7,1
13980,21,69,47,73,3.2,1
13981,20,100,93,81,8.5,1
13982,22,97,87,83,9.1,1
13983,18,69,92,89,12.0,1
13984,18,56,47,63,3.0,1
13985,18,64,75,68,6.0,1
13986,25,34,32,38,0.9,0
13987,19,78,77,67,6.7,1
13988,20,61,63,69,4.3,1
13989,24,74,92,78,9.7,1
13990,20,40,35,45,3.8,1
13991,23,46,41,52,1.8,1
13992,21,64,51,49,4.5,1
13993,25,49,37,50,1.2,1
13994,20,86,76,85,7.2,1
13995,19,53,44,40,1.0,1
13996,18,65,57,74,5.6,1
13997,17,41,36,67,0.9,1
13998,22,47,53,77,4.8,1
13999,18,72,88,79,9.1,1
14000,24,85,68,62,6.3,1
14001,22,69,66,63,3.6,1
14002,21,71,91,69,5.4,1
14003,18,63,65,76,5.5,1
14004,23,85,55,72,6.5,1
14005,18,45,52,61,2.5,1
14006,21,64,89,64,6.8,1
14007,18,46,56,56,0.5,1
14008,18,40,53,51,4.1,1
14009,23,53,58,58,4.4,1
14010,25,72,78,78,6.9,1
14011,21,63,70,79,5.5,1
14012,23,45,60,63,2.4,1
14013,20,79,54,60,3.3,1
14014,18,83,70,69,5.9,1
14015,19,84,61,59,5.3,1
14016,18,62,74,60,4.2,1
14017,21,59,45,47,4.4,1
14018,22,90,56,88,7.0,1
14019,23,64,53,84,4.4,1
14020,19,57,57,50,5.3,1
14021,20,78,69,72,10.3,1
14022,24,52,36,69,2.4,1
14023,20,51,59,46,1.4,1
14024,23,76,70,86,7.2,1
14025,22,60,57,69,4.0,1
14026,23,89,63,62,4.8,1
14027,17,47,74,70,3.8,1
14028,19,72,64,65,4.9,1
14029,22,78,78,80,9.0,1
14030,19,75,66,79,7.3,1
14031,23,85,79,82,7.4,1
14032,25,37,52,66,2.4,1
14033,19,48,72,80,3.0,1
14034,17,46,43,53,0.5,1
14035,22,75,68,73,3.7,1
14036,17,92,66,87,7.6,1
14037,17,85,62,78,6.6,1
14038,24,44,45,61,5.0,1
14039,25,58,73,78,5.5,1
14040,18,52,59,66,4.0,1
14041,25,70,73,58,6.0,1
14042,21,57,89,83,7.2,1
14043,24,64,42,40,1.9,1
14044,23,51,58,76,6.2,1
14045,23,87,66,70,7.6,1
14046,20,73,40,66,4.6,1
14047,18,63,69,61,7.0,1
14048,21,100,99,84,11.7,1
14049,19,64,65,62,5.3,1
14050,25,66,53,70,6.4,1
14051,22,57,55,57,3.9,1
14052,17,66,68,72,5.9,1
14053,19,70,79,76,6.5,1
14054,20,68,75,65,5.9,1
14055,25,50,53,60,3.3,1
14056,22,64,64,74,6.0,1
14057,20,76,84,59,8.7,1
14058,17,89,63,75,6.5,1
14059,24,71,82,70,7.6,1
14060,18,60,56,42,5.0,1
14061,24,90,87,70,7.1,1
14062,22,67,70,61,6.1,1
14063,24,50,37,56,3.4,1
14064,22,60,74,75,6.2,1
14065,21,45,59,68,3.3,1
14066,21,68,64,74,4.1,1
14067,24,52,89,81,5.9,1
14068,23,85,65,61,6.2,1
14069,24,56,39,69,2.9,1
14070,24,73,87,65,7.8,1
14071,23,71,52,82,6.8,1
14072,18,66,51,67,3.9,1
14073,25,49,52,57,2.1,1
14074,23,65,55,59,5.2,1
14075,22,74,60,75,4.5,1
14076,25,72,64,59,5.7,1
14077,17,52,77,65,4.7,1
14078,18,43,23,53,1.1,0
14079,17,47,62,49,4.6,1
14080,19,71,53,67,4.8,1
14081,21,81,65,63,6.9,1
14082,17,52,66,75,4.0,1
14083,20,100,85,100,9.2,1
14084,24,75,52,46,1.3,1
14085,22,81,64,75,8.4,1
14086,17,58,75,67,5.0,1
14087,17,79,64,56,7.4,1
14088,19,61,80,83,5.7,1
14089,24,88,69,74,8.0,1
14090,24,66,72,61,4.6,1
14091,19,60,56,65,3.1,1
14092,23,99,61,80,8.6,1
14093,19,61,61,69,5.3,1
14094,20,64,84,77,6.0,1
14095,25,88,84,76,8.2,1
14096,20,54,51,49,3.2,1
14097,19,90,83,83,6.8,1
14098,21,73,63,58,4.2,1
14099,23,63,80,62,5.2,1
14100,21,51,65,71,5.7,1
14101,20,40,49,44,2.2,1
14102,24,56,68,64,3.8,1
14103,20,85,80,87,8.5,1
14104,18,87,78,89,7.4,1
14105,22,66,56,74,5.4,1
14106,18,61,79,79,6.0,1
14107,19,64,72,60,4.9,1
14108,17,81,91,86,8.5,1
14109,21,79,50,65,5.1,1
14110,25,83,55,80,6.0,1
14111,18,69,68,78,8.0,1
14112,23,66,56,71,3.8,1
14113,21,74,65,81,8.9,1
14114,18,46,58,49,2.1,1
14115,24,94,75,81,9.1,1
14116,22,63,74,62,4.7,1
14117,20,72,84,78,5.0,1
14118,20,56,42,40,1.3,1
14119,18,63,53,49,4.5,1
14120,19,62,63,62,3.2,1
14121,23,65,61,60,4.2,1
14122,19,55,67,56,5.2,1
14123,21,82,87,75,7.6,1
14124,22,63,64,72,6.0,1
14125,22,60,57,81,6.2,1
14126,20,67,43,42,3.1,1
14127,22,54,56,63,3.6,1
14128,19,96,77,97,9.5,1
14129,23,72,67,76,3.9,1
14130,23,78,93,82,9.1,1
14131,20,77,77,61,5.0,1
14132,18,64,58,65,5.5,1
14133,23,77,67,68,7.9,1
14134,19,85,58,74,8.3,1
14135,17,88,64,68,5.3,1
14136,18,74,70,69,4.6,1
14137,25,67,58,75,5.4,1
14138,24,72,53,69,6.2,1
14139,22,61,92,73,7.5,1
14140,22,78,58,76,5.5,1
14141,17,83,69,70,6.9,1
14142,18,86,75,87,9.1,1
14143,20,79,55,56,6.3,1
14144,19,51,77,75,6.2,1
14145,17,43,34,75,2.2,1
14146,24,65,56,41,0.5,1
14147,23,69,71,84,6.4,1
14148,20,75,62,73,5.3,1
14149,25,56,58,72,4.4,1
14150,20,66,72,76,6.0,1
14151,17,86,58,62,5.4,1
14152,17,77,77,65,8.0,1
14153,17,74,57,73,5.7,1
14154,17,63,37,61,3.9,1
14155,20,80,80,63,7.7,1
14156,17,68,87,62,5.0,1
14157,18,53,75,63,6.7,1
14158,20,68,60,81,4.4,1
14159,23,57,55,70,4.1,1
14160,18,87,62,60,5.7,1
14161,24,60,61,72,5.5,1
14162,23,68,71,61,6.6,1
14163,25,90,39,49,4.9,1
14164,22,59,23,47,1.5,0
14165,20,54,66,63,4.5,1
14166,22,77,70,77,7.2,1
14167,20,53,52,73,4.8,1
14168,23,69,53,63,5.0,1
14169,25,69,68,82,7.7,1
14170,19,80,54,48,3.9,1
14171,19,58,66,69,2.1,1
14172,18,72,53,52,5.1,1
14173,17,73,68,59,4.4,1
14174,17,70,63,54,3.4,1
14175,19,60,61,53,5.1,1
14176,23,74,77,75,6.6,1
14177,25,64,69,83,5.5,1
14178,18,92,55,54,6.2,1
14179,23,62,75,62,9.5,1
14180,17,59,66,57,4.7,1
14181,18,70,61,68,6.1,1
14182,22,65,67,71,4.4,1
14183,21,61,69,57,3.6,1
14184,24,62,60,47,4.2,1
14185,18,62,55,75,4.4,1
14186,17,74,61,62,6.3,1
14187,23,95,82,92,10.7,1
14188,22,79,54,52,3.9,1
14189,24,82,70,63,4.6,1
14190,24,71,59,71,5.4,1
14191,18,67,67,63,6.4,1
14192,24,66,75,74,6.1,1
14193,22,67,73,75,8.3,1
14194,25,57,41,46,0.5,1
14195,23,47,54,63,0.5,1
14196,18,68,72,67,4.4,1
14197,24,82,75,81,7.9,1
14198,25,47,68,62,2.1,1
14199,23,39,47,55,0.5,1
14200,20,69,79,76,6.8,1
14201,25,75,87,81,6.0,1
14202,20,57,49,51,3.1,1
14203,20,41,51,61,3.3,1
14204,25,49,65,57,3.4,1
14205,24,66,64,70,5.7,1
14206,20,62,50,56,4.1,1
14207,24,78,66,57,6.6,1
14208,24,47,31,57,0.5,1
14209,23,56,58,83,3.6,1
14210,22,54,57,68,3.0,1
14211,24,68,73,73,4.9,1
14212,23,67,72,66,4.3,1
14213,21,72,69,73,7.3,1
14214,20,40,70,52,1.4,1
14215,18,68,55,67,5.6,1
14216,24,67,56,66,6.7,1
14217,25,88,69,68,9.6,1
14218,20,78,49,66,4.4,1
14219,20,58,75,68,6.2,1
14220,21,63,66,64,1.5,1
14221,18,52,62,56,0.5,1
14222,23,87,54,56,7.4,1
14223,21,64,74,83,5.5,1
14224,22,65,91,73,8.1,1
14225,20,57,63,54,2.5,1
14226,24,87,63,57,6.6,1
14227,24,75,83,85,9.6,1
14228,21,63,59,75,6.4,1
14229,22,76,75,85,6.1,1
14230,19,63,50,75,5.5,1
14231,17,70,58,51,2.0,1
14232,25,87,70,63,8.5,1
14233,25,55,63,58,4.2,1
14234,19,67,67,81,6.6,1
14235,20,49,48,52,2.1,1
14236,23,57,64,49,2.9,1
14237,18,85,93,81,8.7,1
14238,19,67,53,62,4.7,1
14239,22,70,80,75,8.7,1
14240,24,76,53,60,5.3,1
14241,17,48,44,54,1.4,1
14242,20,67,66,84,7.5,1
14243,17,58,47,68,4.2,1
14244,18,85,82,56,7.0,1
14245,24,70,66,82,5.6,1
14246,22,57,46,62,2.1,1
14247,25,58,66,72,5.9,1
14248,18,90,96,89,10.3,1
14249,19,83,80,77,6.6,1
14250,25,50,70,71,5.4,1
14251,25,74,68,68,7.9,1
14252,22,76,68,74,6.0,1
14253,19,72,56,71,6.0,1
14254,21,48,55,63,3.1,1
14255,18,74,77,64,6.0,1
14256,23,66,86,86,7.8,1
14257,24,52,51,56,3.7,1
14258,22,73,86,79,8.6,1
14259,24,83,70,63,5.3,1
14260,18,43,55,52,3.5,1
14261,19,61,81,82,7.7,1
14262,23,68,75,61,4.9,1
14263,17,76,80,75,7.2,1
14264,23,61,52,53,4.9,1
14265,22,68,62,51,5.4,1
14266,24,62,73,87,6.6,1
14267,23,72,59,84,6.1,1
14268,20,52,63,47,1.1,1
14269,19,70,58,63,3.0,1
14270,19,96,68,71,7.5,1
14271,20,64,59,73,5.2,1
14272,25,50,53,54,4.3,1
14273,25,59,60,46,2.5,1
14274,18,57,64,59,3.1,1
14275,21,48,41,55,1.1,1
14276,17,51,79,61,5.3,1
14277,20,64,56,51,4.2,1
14278,18,64,49,72,3.4,1
14279,24,78,69,63,5.4,1
14280,20,66,56,67,6.3,1
14281,21,79,70,95,10.1,1
14282,20,49,42,76,2.2,1
14283,21,88,68,80,8.1,1
14284,21,91,81,83,7.6,1
14285,21,72,45,51,3.8,1
14286,19,76,70,76,5.9,1
14287,23,64,69,72,4.5,1
14288,19,71,81,61,5.9,1
14289,18,85,73,75,8.8,1
14290,19,71,66,83,6.8,1
14291,19,82,90,69,6.6,1
14292,24,48,75,77,4.6,1
14293,20,40,49,56,2.2,1
14294,19,49,74,66,5.0,1
14295,21,71,78,86,8.2,1
14296,20,67,52,74,2.1,1
14297,25,47,81,65,3.2,1
14298,24,58,77,70,5.8,1
14299,23,51,75,71,3.3,1
14300,24,72,48,74,3.8,1
14301,21,79,79,69,4.6,1
14302,20,66,51,60,2.5,1
14303,23,70,55,67,3.4,1
14304,17,91,75,60,7.0,1
14305,22,38,59,48,2.6,1
14306,24,41,62,57,2.0,1
14307,23,55,68,56,4.1,1
14308,18,76,65,74,7.1,1
14309,23,67,53,68,5.1,1
14310,22,65,59,55,4.5,1
14311,21,77,65,74,5.6,1
14312,20,33,51,37,1.7,1
14313,17,71,83,69,6.6,1
14314,18,74,70,57,6.3,1
14315,23,61,88,62,4.6,1
14316,19,79,88,84,7.7,1
14317,21,68,52,52,3.0,1
14318,24,79,57,59,8.0,1
14319,24,91,90,67,5.8,1
14320,22,75,59,58,4.8,1
14321,21,71,74,68,5.5,1
14322,18,72,58,65,5.3,1
14323,25,87,92,79,8.2,1
14324,17,75,64,70,3.1,1
14325,18,73,47,58,3.8,1
14326,17,83,55,77,7.8,1
14327,20,55,62,60,4.2,1
14328,20,81,78,84,7.5,1
14329,21,89,87,83,9.2,1
14330,21,72,54,69,4.6,1
14331,24,67,65,80,7.0,1
14332,19,65,36,41,3.0,1
14333,22,83,66,81,7.2,1
14334,19,58,50,73,5.9,1
14335,18,60,62,65,6.5,1
14336,24,73,63,74,4.1,1
14337,17,44,53,63,1.8,1
14338,25,88,63,70,6.6,1
14339,23,46,50,33,1.0,1
14340,20,69,77,65,4.8,1
14341,19,80,71,66,7.6,1
14342,22,63,54,49,5.9,1
14343,25,100,90,89,9.8,1
14344,25,75,85,90,7.8,1
14345,20,63,52,62,4.1,1
14346,21,49,59,70,5.6,1
14347,25,54,45,80,5.4,1
14348,18,65,46,57,2.0,1
14349,18,59,47,55,3.4,1
14350,21,57,45,43,4.3,1
14351,17,44,43,59,1.0,1
14352,24,74,65,72,5.6,1
14353,21,79,61,74,5.0,1
14354,18,47,47,32,1.8,1
14355,25,83,84,90,6.4,1
14356,18,73,74,66,7.1,1
14357,23,75,74,79,6.0,1
14358,24,47,80,48,4.8,1
14359,22,58,80,66,6.8,1
14360,23,83,68,68,7.0,1
14361,17,74,49,61,6.2,1
14362,20,65,54,54,3.7,1
14363,23,60,82,85,6.1,1
14364,17,75,85,74,8.1,1
14365,17,46,56,82,4.2,1
14366,22,79,83,94,10.1,1
14367,20,63,61,45,4.3,1
14368,19,72,59,65,5.6,1
14369,21,55,53,59,4.0,1
14370,25,76,61,61,6.0,1
14371,19,52,55,65,1.7,1
14372,21,61,50,71,4.3,1
14373,21,59,70,79,3.1,1
14374,25,90,66,65,5.8,1
14375,20,76,63,80,7.7,1
14376,17,84,81,70,6.9,1
14377,21,53,60,46,0.5,1
14378,17,85,100,91,10.0,1
14379,22,55,81,90,6.1,1
14380,23,55,49,71,3.8,1
14381,17,70,68,77,5.8,1
14382,20,69,92,69,5.9,1
14383,25,75,51,70,4.0,1
14384,17,62,54,80,5.9,1
14385,25,61,56,55,4.2,1
14386,24,70,51,65,4.6,1
14387,21,59,53,59,4.0,1
14388,22,64,46,51,2.3,1
14389,23,58,73,78,5.8,1
14390,20,58,57,70,6.8,1
14391,22,70,71,76,6.6,1
14392,23,75,65,79,7.3,1
14393,22,73,73,68,6.2,1
14394,22,64,67,50,4.3,1
14395,18,72,81,71,7.3,1
14396,21,40,62,62,2.5,1
14397,19,59,51,63,3.5,1
14398,23,49,57,43,3.4,1
14399,20,79,89,84,7.9,1
14400,17,66,78,70,7.6,1
14401,22,77,78,77,6.6,1
14402,22,95,62,84,7.9,1
14403,23,53,67,65,3.6,1
14404,24,59,49,88,6.3,1
14405,19,78,49,76,5.2,1
14406,22,94,64,71,7.4,1
14407,18,54,68,64,5.2,1
14408,25,64,68,64,4.7,1
14409,18,78,62,69,6.7,1
14410,19,73,53,78,7.4,1
14411,18,44,69,52,4.0,1
14412,25,54,70,80,5.4,1
14413,17,46,60,60,3.2,1
14414,21,37,64,62,0.5,1
14415,17,71,68,59,5.9,1
14416,21,85,60,62,6.8,1
14417,24,57,81,80,6.1,1
14418,24,42,44,46,1.2,1
14419,24,54,61,56,4.7,1
14420,18,50,40,61,0.6,1
14421,24,72,69,71,8.5,1
14422,21,48,51,59,3.1,1
14423,17,64,91,73,8.3,1
14424,23,91,63,82,7.6,1
14425,22,82,68,63,3.5,1
14426,21,58,37,67,3.0,1
14427,17,86,84,60,6.3,1
14428,17,54,74,63,3.6,1
14429,22,69,56,69,5.7,1
14430,23,70,61,57,4.4,1
14431,17,44,56,44,1.6,1
14432,25,46,39,49,0.6,1
14433,20,67,86,67,6.0,1
14434,21,67,60,74,4.3,1
14435,18,64,55,71,4.3,1
14436,24,67,72,67,7.0,1
14437,18,76,68,75,8.1,1
14438,19,77,63,71,4.9,1
14439,25,71,58,71,4.8,1
14440,18,77,62,82,6.6,1
14441,22,78,61,56,2.5,1
14442,20,59,50,71,6.0,1
14443,23,80,87,56,6.7,1
14444,22,75,73,63,7.0,1
14445,25,53,66,61,1.2,1
14446,25,63,68,52,3.8,1
14447,20,53,44,46,3.6,1
14448,17,59,67,75,5.7,1
14449,18,73,51,68,6.6,1
14450,24,74,69,73,8.8,1
14451,24,60,59,51,4.4,1
14452,18,71,54,51,4.4,1
14453,20,66,70,73,8.0,1
14454,17,69,61,69,6.2,1
14455,23,90,98,89,8.3,1
14456,20,66,69,69,6.1,1
14457,24,72,61,56,3.0,1
14458,25,40,53,55,2.6,1
14459,25,72,55,35,2.1,1
14460,19,75,50,69,7.0,1
14461,21,66,92,83,8.1,1
14462,22,94,74,83,9.6,1
14463,22,80,84,82,7.4,1
14464,24,93,87,87,8.1,1
14465,22,47,42,48,4.2,1
14466,22,47,56,53,3.0,1
14467,20,84,77,84,7.4,1
14468,23,97,70,72,6.4,1
14469,24,75,66,67,5.7,1
14470,19,79,64,80,6.4,1
14471,23,63,61,63,6.2,1
14472,19,78,87,71,8.3,1
14473,24,74,80,71,8.3,1
14474,17,78,72,60,6.7,1
14475,17,85,57,73,7.4,1
14476,22,75,67,73,6.6,1
14477,25,72,60,55,4.5,1
14478,20,75,80,73,7.2,1
14479,22,68,35,51,2.4,1
14480,21,69,63,75,7.8,1
14481,17,71,73,71,2.9,1
14482,22,63,59,71,6.1,1
14483,25,60,39,62,3.6,1
14484,19,61,63,90,6.7,1
14485,19,73,57,63,5.4,1
14486,18,55,58,61,2.0,1
14487,20,79,75,66,6.4,1
14488,19,45,50,70,4.2,1
14489,18,77,69,66,7.4,1
14490,17,72,70,65,5.5,1
14491,19,62,74,66,6.4,1
14492,22,65,46,51,3.4,1
14493,25,40,51,44,4.2,1
14494,21,63,82,68,4.5,1
14495,19,90,70,69,7.4,1
14496,21,82,95,79,9.2,1
14497,21,53,60,60,3.7,1
14498,21,78,86,63,7.9,1
14499,23,49,52,47,0.7,1
14500,21,66,56,42,2.9,1
14501,23,61,58,56,3.4,1
14502,25,63,41,70,2.5,1
14503,21,54,49,50,2.0,1
14504,18,64,63,61,6.4,1
14505,21,52,60,62,5.0,1
14506,24,75,65,85,6.3,1
14507,20,50,73,69,7.0,1
14508,18,53,74,56,6.1,1
14509,19,60,69,56,6.9,1
14510,25,74,74,63,5.3,1
14511,25,42,50,66,2.9,1
14512,24,82,75,80,7.8,1
14513,24,52,85,73,4.2,1
14514,24,58,45,66,3.4,1
14515,24,66,59,66,5.1,1
14516,24,58,39,37,3.5,1
14517,17,58,64,77,4.6,1
14518,22,56,68,58,6.3,1
14519,25,72,69,91,6.3,1
14520,24,65,48,54,3.5,1
14521,19,70,53,57,4.4,1
14522,17,79,75,72,7.9,1
14523,18,75,55,72,6.6,1
14524,18,80,92,72,10.1,1
14525,23,84,61,69,8.1,1
14526,22,83,73,85,8.0,1
14527,18,52,48,69,2.4,1
14528,24,76,67,64,7.2,1
14529,25,67,49,70,5.4,1
14530,23,68,60,59,4.3,1
14531,20,54,55,74,5.9,1
14532,17,61,75,67,7.6,1
14533,20,58,62,78,6.6,1
14534,20,56,57,60,3.6,1
14535,24,79,53,69,7.1,1
14536,20,40,69,62,4.1,1
14537,20,71,78,83,6.0,1
14538,18,77,57,64,4.8,1
14539,23,69,91,69,5.0,1
14540,20,55,79,75,7.2,1
14541,22,64,53,60,3.2,1
14542,19,89,77,94,9.8,1
14543,23,48,41,61,1.5,1
14544,22,64,54,51,4.2,1
14545,19,58,67,76,6.3,1
14546,20,74,70,87,6.8,1
14547,21,72,50,65,5.3,1
14548,25,61,78,75,5.4,1
14549,22,67,76,46,6.4,1
14550,20,60,81,57,5.0,1
14551,23,76,81,100,8.6,1
14552,18,67,83,81,7.3,1
14553,20,68,60,77,7.4,1
14554,21,64,63,77,3.4,1
14555,20,50,46,57,5.3,1
14556,20,67,52,77,4.8,1
14557,25,64,81,52,3.3,1
14558,18,58,65,72,6.3,1
14559,22,62,60,49,4.3,1
14560,24,65,78,69,6.9,1
14561,24,69,55,71,3.1,1
14562,23,82,70,77,9.3,1
14563,20,74,47,65,3.5,1
14564,23,83,75,65,6.0,1
14565,22,78,75,78,7.2,1
14566,22,84,68,70,4.2,1
14567,18,60,78,69,7.4,1
14568,24,71,55,50,2.8,1
14569,24,79,78,76,8.7,1
14570,23,67,66,64,5.5,1
14571,25,58,56,45,4.2,1
14572,24,51,59,68,4.8,1
14573,25,81,77,78,7.3,1
14574,25,50,74,47,4.2,1
14575,22,55,42,70,3.9,1
14576,18,61,87,62,5.0,1
14577,23,67,62,61,2.9,1
14578,19,84,85,80,9.5,1
14579,23,39,50,66,4.3,1
14580,25,67,65,75,7.3,1
14581,18,55,73,78,6.0,1
14582,22,64,59,60,3.3,1
14583,22,56,52,75,5.5,1
14584,25,69,63,87,7.2,1
14585,25,84,56,66,5.1,1
14586,21,85,67,75,8.1,1
14587,21,66,77,81,7.7,1
14588,25,85,63,56,7.5,1
14589,24,57,69,56,4.5,1
14590,23,66,41,51,3.1,1
14591,24,59,70,68,4.2,1
14592,22,60,97,71,5.9,1
14593,19,63,78,84,6.7,1
14594,23,51,40,61,0.7,1
14595,24,77,60,50,5.5,1
14596,24,73,55,54,5.8,1
14597,17,61,73,66,4.9,1
14598,23,62,78,64,8.3,1
14599,19,65,51,53,6.4,1
14600,18,68,62,72,8.4,1
14601,18,80,45,47,5.0,1
14602,24,73,81,66,7.6,1
14603,25,86,69,87,9.1,1
14604,19,77,85,74,8.4,1
14605,19,62,50,73,3.1,1
14606,22,73,71,61,4.9,1
14607,17,88,59,70,4.7,1
14608,22,68,79,67,6.6,1
14609,19,85,63,71,7.0,1
14610,20,63,50,58,3.7,1
14611,25,63,61,73,5.6,1
14612,19,45,56,58,1.1,1
14613,17,86,67,98,8.7,1
14614,19,61,55,64,4.4,1
14615,23,70,63,73,5.6,1
14616,23,72,66,56,4.8,1
14617,21,100,71,83,8.0,1
14618,17,47,51,50,0.5,1
14619,24,57,58,44,5.5,1
14620,24,71,74,59,5.3,1
14621,18,59,69,46,4.5,1
14622,19,100,74,75,9.3,1
14623,20,55,64,63,3.5,1
14624,17,75,61,71,7.2,1
14625,20,78,70,76,6.3,1
14626,21,85,68,57,8.3,1
14627,19,76,62,71,4.0,1
14628,18,68,57,64,3.9,1
14629,22,100,67,65,7.9,1
14630,24,76,53,71,6.4,1
14631,23,67,49,75,2.1,1
14632,17,58,72,77,4.3,1
14633,20,92,71,86,6.4,1
14634,19,72,57,72,7.3,1
14635,22,77,57,73,4.0,1
14636,25,56,57,62,0.5,1
14637,25,74,67,63,6.7,1
14638,23,72,44,70,2.8,1
14639,25,50,65,62,1.1,1
14640,24,61,34,44,0.5,1
14641,21,79,70,75,7.3,1
14642,25,66,60,81,5.8,1
14643,23,69,70,65,5.0,1
14644,21,81,82,87,8.6,1
14645,24,70,62,69,6.9,1
14646,23,86,72,71,9.1,1
14647,25,59,54,46,2.4,1
14648,17,43,67,65,5.4,1
14649,25,58,48,59,1.9,1
14650,23,73,60,50,5.0,1
14651,17,81,51,83,5.0,1
14652,17,62,89,82,6.9,1
14653,21,58,72,73,5.6,1
14654,24,76,71,80,6.9,1
14655,25,67,81,67,7.0,1
14656,22,76,82,71,10.2,1
14657,24,61,54,69,4.8,1
14658,22,56,60,70,3.4,1
14659,22,60,68,65,6.0,1
14660,20,50,75,53,3.7,1
14661,21,81,71,75,8.8,1
14662,18,51,53,70,4.9,1
14663,19,48,81,69,4.3,1
14664,19,65,73,80,4.5,1
14665,21,90,78,78,7.1,1
14666,21,74,57,59,5.2,1
14667,22,74,64,60,4.1,1
14668,21,66,67,72,9.2,1
14669,22,46,52,71,3.6,1
14670,24,69,54,58,5.6,1
14671,18,82,63,68,6.9,1
14672,20,59,39,59,1.9,1
14673,22,59,76,86,6.6,1
14674,21,70,74,85,3.2,1
14675,17,75,82,62,7.3,1
14676,25,67,64,66,3.4,1
14677,19,68,68,73,7.0,1
14678,18,63,77,74,7.9,1
14679,25,85,62,72,7.4,1
14680,23,75,54,59,6.1,1
14681,21,54,48,81,5.0,1
14682,22,56,48,44,4.2,1
14683,20,88,85,78,8.7,1
14684,17,64,67,76,4.0,1
14685,20,63,47,62,3.2,1
14686,25,69,74,67,7.0,1
14687,17,75,69,56,3.7,1
14688,19,58,55,68,3.4,1
14689,21,31,45,54,2.3,1
14690,23,65,56,64,4.4,1
14691,25,73,79,73,5.3,1
14692,22,73,66,78,6.0,1
14693,19,73,95,70,7.6,1
14694,23,54,63,60,6.7,1
14695,20,60,58,57,5.1,1
14696,19,61,49,79,5.1,1
14697,23,66,80,72,6.6,1
14698,23,86,77,67,8.3,1
14699,20,66,57,60,5.8,1
14700,23,78,57,75,4.5,1
14701,18,57,61,61,3.3,1
14702,17,67,44,41,2.3,1
14703,18,77,74,63,7.0,1
14704,20,76,79,83,6.8,1
14705,24,67,66,67,6.8,1
14706,19,53,45,86,5.2,1
14707,22,80,75,96,8.6,1
14708,22,80,56,77,4.4,1
14709,25,72,61,80,7.6,1
14710,25,62,70,77,5.4,1
14711,20,61,66,63,4.2,1
14712,25,91,72,72,6.8,1
14713,22,80,64,60,6.4,1
14714,18,84,70,70,6.3,1
14715,22,49,59,57,5.7,1
14716,18,59,71,67,5.4,1
14717,24,82,82,76,10.8,1
14718,20,90,73,69,8.1,1
14719,21,81,70,51,7.1,1
14720,24,79,98,61,5.7,1
14721,24,59,64,69,7.7,1
14722,22,84,65,69,6.6,1
14723,20,75,49,79,5.6,1
14724,17,56,65,65,4.8,1
14725,23,65,82,75,5.3,1
14726,24,38,43,59,0.5,1
14727,25,69,61,82,6.0,1
14728,18,68,60,56,4.4,1
14729,17,97,89,70,9.0,1
14730,20,59,79,67,5.5,1
14731,21,52,44,49,2.9,1
14732,17,57,71,65,5.4,1
14733,21,66,55,51,3.2,1
14734,22,57,83,60,6.5,1
14735,19,72,90,73,6.1,1
14736,23,65,92,92,7.6,1
14737,22,61,48,59,3.8,1
14738,20,80,57,71,5.6,1
14739,19,50,70,58,2.5,1
14740,21,77,70,73,7.0,1
14741,19,64,62,85,6.6,1
14742,25,72,56,69,6.6,1
14743,25,53,66,39,5.5,1
14744,22,79,64,63,6.4,1
14745,22,79,83,81,9.0,1
14746,20,63,65,65,4.9,1
14747,20,70,54,67,5.8,1
14748,18,38,47,55,3.1,1
14749,20,53,67,62,3.6,1
14750,24,70,76,87,5.7,1
14751,18,77,71,74,7.9,1
14752,25,87,64,85,4.9,1
14753,17,79,53,70,5.0,1
14754,18,66,61,59,4.6,1
14755,18,53,71,71,4.3,1
14756,22,66,84,48,6.1,1
14757,23,61,51,56,2.2,1
14758,19,81,73,83,8.3,1
14759,25,75,45,67,4.0,1
14760,21,76,65,79,7.1,1
14761,21,57,53,64,2.7,1
14762,20,91,69,76,7.0,1
14763,25,63,65,80,7.0,1
14764,24,89,80,66,6.3,1
14765,20,67,60,70,3.3,1
14766,20,100,65,65,6.0,1
14767,18,50,61,69,2.9,1
14768,25,82,62,65,4.9,1
14769,19,79,90,78,7.8,1
14770,20,74,64,82,7.3,1
14771,23,71,68,81,5.5,1
14772,24,61,35,61,3.4,1
14773,24,66,67,75,6.9,1
14774,20,67,67,45,5.5,1
14775,23,50,42,42,0.5,1
14776,17,71,61,60,7.2,1
14777,22,73,58,64,5.4,1
14778,22,76,65,71,8.1,1
14779,22,63,54,52,3.1,1
14780,18,50,53,40,0.5,1
14781,24,75,64,75,6.1,1
14782,21,57,85,54,6.1,1
14783,21,64,52,45,1.8,1
14784,18,50,36,60,3.3,1
14785,20,92,93,98,11.6,1
14786,25,59,62,57,4.8,1
14787,25,76,85,83,7.1,1
14788,22,61,59,38,4.1,1
14789,25,55,44,51,0.9,1
14790,20,67,84,69,5.1,1
14791,17,62,42,57,4.9,1
14792,18,46,58,53,4.6,1
14793,17,76,66,68,5.2,1
14794,24,76,63,70,6.1,1
14795,25,76,43,59,5.2,1
14796,22,54,58,55,2.7,1
14797,18,76,65,66,6.6,1
14798,22,44,46,64,1.2,1
14799,25,42,60,58,1.0,1
14800,19,72,74,75,7.1,1
14801,25,82,63,89,6.6,1
14802,18,65,69,77,5.4,1
14803,21,55,48,68,2.4,1
14804,18,64,56,76,3.9,1
14805,23,66,70,64,4.9,1
14806,25,64,45,44,2.0,1
14807,23,54,64,46,3.9,1
14808,21,75,68,79,6.9,1
14809,20,86,72,70,8.6,1
14810,20,48,56,95,4.6,1
14811,24,78,66,66,7.2,1
14812,17,64,49,44,1.3,1
14813,21,71,68,80,7.0,1
14814,18,50,71,69,3.7,1
14815,25,76,59,86,6.2,1
14816,23,68,68,64,5.0,1
14817,24,96,88,89,8.4,1
14818,22,64,75,59,3.6,1
14819,25,65,62,78,6.9,1
14820,22,56,73,64,4.9,1
14821,23,75,66,84,5.2,1
14822,23,70,74,87,5.1,1
14823,25,60,51,50,3.6,1
14824,24,70,64,79,5.5,1
14825,17,72,61,59,5.4,1
14826,20,74,62,80,6.0,1
14827,23,54,66,83,5.7,1
14828,24,88,97,66,7.3,1
14829,23,89,80,64,7.5,1
14830,19,77,52,55,3.2,1
14831,20,92,70,85,7.4,1
14832,23,71,60,63,2.9,1
14833,24,71,68,70,6.8,1
14834,23,77,69,79,6.9,1
14835,22,62,37,50,1.3,1
14836,25,51,65,70,5.7,1
14837,25,62,36,69,4.5,1
14838,23,44,41,66,3.8,1
14839,24,84,73,94,8.5,1
14840,22,75,66,52,4.1,1
14841,17,61,74,70,3.7,1
14842,17,63,70,60,5.7,1
14843,22,77,76,70,7.0,1
14844,18,71,65,65,5.2,1
14845,24,84,84,73,8.1,1
14846,17,61,72,60,6.7,1
14847,18,50,50,46,0.7,1
14848,24,65,45,66,4.3,1
14849,22,73,63,62,4.3,1
14850,18,72,70,85,6.6,1
14851,18,67,41,49,0.5,1
14852,23,92,84,88,11.1,1
14853,21,68,56,74,6.7,1
14854,21,59,72,68,5.8,1
14855,24,74,78,81,8.1,1
14856,23,82,86,82,10.7,1
14857,25,75,75,64,7.4,1
14858,20,94,61,75,7.6,1
14859,20,55,84,72,5.8,1
14860,18,53,73,68,5.2,1
14861,19,62,67,56,4.5,1
14862,17,47,73,63,3.7,1
14863,17,52,61,69,4.0,1
14864,23,59,50,59,2.5,1
14865,21,67,67,61,5.3,1
14866,19,57,65,55,1.8,1
14867,23,76,58,85,5.9,1
14868,18,81,80,58,5.4,1
14869,19,73,53,79,5.8,1
14870,17,76,66,44,4.4,1
14871,24,96,100,86,12.0,1
14872,18,85,83,75,8.5,1
14873,23,61,65,68,2.8,1
14874,25,73,66,86,6.0,1
14875,22,65,47,73,4.2,1
14876,18,77,67,64,3.3,1
14877,18,63,72,67,2.6,1
14878,25,68,67,59,6.5,1
14879,24,85,66,70,4.0,1
14880,25,73,65,65,7.6,1
14881,20,77,65,69,7.7,1
14882,20,72,78,82,8.5,1
14883,18,67,50,50,3.6,1
14884,17,89,70,82,6.5,1
14885,20,59,100,73,6.9,1
14886,24,61,54,52,4.5,1
14887,18,72,62,75,3.8,1
14888,24,72,61,78,9.0,1
14889,17,76,72,68,6.0,1
14890,17,61,64,71,6.9,1
14891,20,65,61,35,3.7,1
14892,23,58,57,69,2.8,1
14893,25,96,61,63,4.2,1
14894,21,74,54,68,5.2,1
14895,18,37,53,66,3.2,1
14896,23,67,67,65,5.5,1
14897,18,61,48,44,1.8,1
14898,25,53,69,50,3.0,1
14899,25,70,71,81,7.0,1
14900,19,69,60,72,6.8,1
14901,24,70,66,74,4.6,1
14902,20,46,32,71,3.3,1
14903,19,53,75,68,3.2,1
14904,17,75,45,76,4.7,1
14905,21,69,80,66,6.9,1
14906,20,71,80,80,7.5,1
14907,17,50,49,60,4.4,1
14908,24,64,61,49,3.0,1
14909,24,75,61,74,6.1,1
14910,24,70,56,68,3.7,1
14911,19,62,65,61,4.4,1
14912,22,83,76,79,8.4,1
14913,23,79,62,81,7.3,1
14914,25,55,70,63,5.8,1
14915,21,80,52,65,2.7,1
14916,25,80,66,61,6.0,1
14917,22,79,74,80,7.8,1
14918,20,62,48,54,4.7,1
14919,17,94,66,91,8.5,1
14920,17,81,70,84,8.3,1
14921,21,93,84,99,9.2,1
14922,19,65,59,62,6.2,1
14923,21,65,82,78,6.8,1
14924,21,80,79,79,8.6,1
14925,17,72,73,58,6.5,1
14926,24,68,57,65,4.4,1
14927,21,79,45,69,4.5,1
14928,21,81,72,87,6.0,1
14929,25,70,47,53,2.7,1
14930,24,60,49,71,5.2,1
14931,17,75,66,79,7.9,1
14932,19,58,45,49,0.7,1
14933,23,95,55,79,8.9,1
14934,17,86,72,84,8.0,1
14935,17,58,71,63,4.5,1
14936,21,63,70,70,6.7,1
14937,25,70,77,63,5.5,1
14938,22,71,72,64,8.2,1
14939,18,82,85,84,7.7,1
14940,25,68,39,52,2.4,1
14941,22,75,76,84,6.8,1
14942,21,53,62,77,5.0,1
14943,21,64,79,90,5.7,1
14944,19,70,54,66,3.9,1
14945,22,89,70,87,9.3,1
14946,20,83,79,82,7.8,1
14947,18,79,75,64,3.9,1
14948,19,59,56,68,2.6,1
14949,25,68,61,64,4.7,1
14950,25,81,57,76,6.5,1
14951,22,58,76,69,6.0,1
14952,25,75,76,66,8.3,1
14953,20,68,79,81,7.2,1
14954,21,83,75,51,7.6,1
14955,22,62,88,75,6.2,1
14956,25,61,47,66,2.4,1
14957,21,64,58,72,5.1,1
14958,24,74,84,69,7.8,1
14959,17,77,75,81,5.4,1
14960,21,59,80,88,6.6,1
14961,17,60,62,71,4.8,1
14962,22,88,58,76,3.2,1
14963,23,85,50,86,5.2,1
14964,21,53,66,65,6.2,1
14965,17,57,62,55,4.1,1
14966,22,67,66,73,5.0,1
14967,21,45,49,32,3.4,1
14968,22,99,64,75,8.0,1
14969,23,66,73,60,4.9,1
14970,23,80,87,78,8.7,1
14971,18,86,76,69,8.9,1
14972,19,71,75,66,5.3,1
14973,22,50,66,65,3.3,1
14974,19,62,30,67,0.9,1
14975,18,56,51,60,2.3,1
14976,20,69,66,41,2.5,1
14977,21,75,61,79,8.5,1
14978,25,51,52,82,5.8,1
14979,19,86,75,69,6.4,1
14980,19,55,58,56,0.6,1
14981,22,69,52,69,2.9,1
14982,21,89,68,77,7.5,1
14983,22,71,50,73,6.1,1
14984,23,63,61,72,5.2,1
14985,19,72,55,68,6.7,1
14986,21,89,76,79,9.1,1
14987,24,69,76,58,5.0,1
14988,20,51,53,64,5.7,1
14989,18,69,64,77,5.9,1
14990,20,100,95,92,10.8,1
14991,18,49,39,41,0.9,1
14992,19,97,75,65,7.0,1
14993,20,57,72,61,5.2,1
14994,20,77,71,59,6.7,1
14995,25,52,60,65,4.1,1
14996,22,59,54,62,5.4,1
14997,25,66,67,78,7.1,1
14998,20,100,93,100,12.0,1
14999,25,73,53,59,7.3,1
15000,25,53,35,55,3.6,1
